,mood,EAR,MAR,PUC,MOE
0,0,0.32608695652173914,0.39170455458532155,0.41784913973341986,1.2012273007283194
1,0,0.3125,0.39170455458532155,0.44566137329916394,1.253454574673029
2,0,0.34782608695652173,0.38068101185491937,0.5304507107219929,1.0944579090828932
3,0,0.34782608695652173,0.3631315440037886,0.4733158396980331,1.0440031890108923
4,0,0.34782608695652173,0.3450214334543776,0.4733158396980331,0.9919366211813355
5,0,0.3333333333333333,0.3206486623934628,0.49695652465748524,0.9619459871803884
6,0,0.3346303697562198,0.32156615482569384,0.4431298728011729,0.9609592669665837
7,0,0.3346303697562198,0.3459365998959072,0.4431298728011729,1.0337872206516225
8,0,0.3333333333333333,0.3099444688496502,0.49695652465748524,0.9298334065489506
9,0,0.34782608695652173,0.32584421552822573,0.4733158396980331,0.936802119643649
10,0,0.34884994609834646,0.3028912664076914,0.4565901374132124,0.8682565951215638
11,0,0.34782608695652173,0.3206486623934628,0.4733158396980331,0.9218649043812055
12,0,0.34917951626735977,0.3378218189174525,0.46841882723801237,0.9674731855083649
13,0,0.34917951626735977,0.3200921998322399,0.46841882723801237,0.9166981020362939
14,0,0.31222908534136,0.32156615482569384,0.4970838394490674,1.0299045474066761
15,0,0.34782608695652173,0.3378218189174525,0.5304507107219929,0.9712377293876759
16,0,0.31222908534136,0.33921874487214815,0.4970838394490674,1.0864418492635954
17,0,0.33304435769745067,0.3206486623934628,0.49222037763000287,0.9627806476299816
18,0,0.33304435769745067,0.3378218189174525,0.4856458968560395,1.0143448195700762
19,0,0.3274403858325772,0.33980845787260644,0.41777114840343854,1.0377719810236028
20,0,0.32608695652173914,0.32584421552822573,0.5434413411794152,0.9992555942865589
21,0,0.3333333333333333,0.33921874487214815,0.49695652465748524,1.0176562346164446
22,0,0.2727272727272727,0.34389243358996896,0.36080493141672015,1.2609389231632195
23,0,0.18163064367459994,0.34389243358996896,0.2951970879312425,1.8933613108042981
24,0,0.22727272727272727,0.3378218189174525,0.33011483663355445,1.486416003236791
25,0,0.30434782608695654,0.33980845787260644,0.4398754557071713,1.116513504438564
26,0,0.3040605699341486,0.3445120093554997,0.4301188418200045,1.1330374386593822
27,0,0.29514979597122487,0.32584421552822573,0.47271436976766096,1.103996072421454
28,0,0.2823419577959951,0.32665175079583314,0.4398754557071713,1.1569366216262265
29,0,0.32577918207230205,0.3251544850793371,0.4838455727083755,0.9980824526939038
30,0,0.3040605699341486,0.32665175079583314,0.48963338229137904,1.0742982915100672
31,0,0.30434782608695654,0.33852575386262335,0.4398754557071713,1.1122989055486194
32,0,0.3040605699341486,0.3431644995918008,0.48963338229137904,1.1286057237415594
33,0,0.32608695652173914,0.3445835180487675,0.48389549391808956,1.0567227886828872
34,0,0.3274403858325772,0.35086018123903623,0.48367406048570305,1.071523845010474
35,0,0.3056040641755621,0.34531446212455175,0.42927869180428185,1.12994067358403
36,0,0.3273226763137156,0.32665175079583314,0.4685428309194386,0.9979502626416282
37,0,0.3056040641755621,0.30873216510801665,0.42560440153019885,1.0102357962447042
38,0,0.34197094625202445,0.32584421552822573,0.45518264170791467,0.9528418103919457
39,0,0.3474977942104555,0.3273446573034943,0.5402014524061768,0.942004993289955
40,0,0.3273226763137156,0.3516318905472945,0.4685428309194386,1.0742668198468481
41,0,0.32577918207230205,0.3632946628943963,0.4733158396980331,1.1151561637040646
42,0,0.3040605699341486,0.3273446573034943,0.48963338229137904,1.07657713518852
43,0,0.327131333960193,0.3431644995918008,0.47310162758685637,1.0490114029662434
44,0,0.3474977942104555,0.34389243358996896,0.48206382030539646,0.9896247956661761
45,0,0.3474977942104555,0.3378218189174525,0.5402014524061768,0.9721552900357608
46,0,0.3137083812010913,0.35615247294865315,0.43880504447917684,1.135297920906852
47,0,0.3273226763137156,0.34389243358996896,0.4211287354939484,1.0506220878518433
48,0,0.3474977942104555,0.3501838464110857,0.48206382030539646,1.0077296956855024
49,0,0.3137083812010913,0.3431644995918008,0.43880504447917684,1.0938964980085366
50,0,0.3276319089535973,0.3273446573034943,0.4798922911209127,0.9991232488586951
51,0,0.3274403858325772,0.3251544850793371,0.48367406048570305,0.993018879612459
52,0,0.3276319089535973,0.3494153150544545,0.4798922911209127,1.0664874375955318
53,0,0.32577918207230205,0.34389243358996896,0.5294978911147046,1.0555997820439211
54,0,0.31222908534136,0.33921874487214815,0.4970838394490674,1.0864418492635954
55,0,0.3125,0.3273446573034943,0.5077753971196638,1.0475029033711818
56,0,0.32608695652173914,0.32156615482569384,0.5412581511665508,0.9861362081321278
57,0,0.34917951626735977,0.34531446212455175,0.46841882723801237,0.9889310398727724
58,0,0.34917951626735977,0.33921874487214815,0.46841882723801237,0.971473780874406
59,0,0.327131333960193,0.32584421552822573,0.47310162758685637,0.9960654382556827
60,0,0.31222908534136,0.3431644995918008,0.4970838394490674,1.0990792200432546
61,0,0.31222908534136,0.3516318905472945,0.45358819625405533,1.126198381431555
62,0,0.34782608695652173,0.3445835180487675,0.4733158396980331,0.9906776143902066
63,0,0.34782608695652173,0.3310772442385822,0.4733158396980331,0.9518470771859239
64,0,0.27460823932495954,0.34389243358996896,0.37436849980544007,1.2523019499900057
65,0,0.09987523388778446,0.32665175079583314,0.2352298631765958,3.2705981060614593
66,0,0.17326517226861535,0.3516318905472945,0.36716728161257156,2.029443574512221
67,0,0.16666666666666666,0.33333333333333337,0.318529930397218,2.0000000000000004
68,0,0.2876848221499576,0.3516318905472945,0.4524558748628131,1.2222816898001108
69,0,0.29514979597122487,0.3516318905472945,0.4715896465592757,1.1913675541946716
70,0,0.30434782608695654,0.35086018123903623,0.4200141865138793,1.1528263097854046
71,0,0.32608695652173914,0.35086018123903623,0.47472224720628686,1.0759712224663778
72,0,0.3274403858325772,0.35086018123903623,0.48367406048570305,1.071523845010474
73,0,0.32608695652173914,0.3516318905472945,0.41784913973341986,1.0783377976783697
74,0,0.3056040641755621,0.34389243358996896,0.42560440153019885,1.125287500733011
75,0,0.3409090909090909,0.32665175079583314,0.5079801517618436,0.9581784690011106
76,0,0.3178536264305499,0.3494153150544545,0.5243273244069198,1.0992962986716175
77,0,0.34782608695652173,0.3573677188751829,0.4733158396980331,1.0274321917661509
78,0,0.3056040641755621,0.35670824673178986,0.42560440153019885,1.1672235043538874
79,0,0.3040605699341486,0.3581832698955109,0.4301188418200045,1.17799973200433
80,0,0.3040605699341486,0.35086018123903623,0.4301188418200045,1.1539154232165756
81,0,0.3056040641755621,0.34531446212455175,0.42560440153019885,1.12994067358403
82,0,0.3040605699341486,0.35086018123903623,0.4301188418200045,1.1539154232165756
83,0,0.3056040641755621,0.3326017829734223,0.42560440153019885,1.0883421458110933
84,0,0.3040605699341486,0.3581832698955109,0.4894788004560182,1.17799973200433
85,0,0.3040605699341486,0.36856493105161814,0.48963338229137904,1.2121431303356416
86,0,0.3178536264305499,0.35086018123903623,0.5243273244069198,1.1038419953836776
87,0,0.3040605699341486,0.35086018123903623,0.48963338229137904,1.1539154232165756
88,0,0.2914138129852693,0.35086018123903623,0.458132375916756,1.2039929667190206
89,0,0.3040605699341486,0.3445835180487675,0.4301188418200045,1.1332726177662402
90,0,0.3137970364228864,0.35086018123903623,0.3913013177910134,1.1181118382717992
91,0,0.3040605699341486,0.35086018123903623,0.48963338229137904,1.1539154232165756
92,0,0.32577918207230205,0.35086018123903623,0.5307711756509264,1.0769877283354705
93,0,0.30434782608695654,0.35086018123903623,0.4200141865138793,1.1528263097854046
94,0,0.327131333960193,0.3326017829734223,0.4733158396980331,1.0167224855748456
95,0,0.3178536264305499,0.3573677188751829,0.46091691958681913,1.1243153739926475
96,0,0.2841536480840321,0.35086018123903623,0.4302677146230152,1.2347551530828038
97,0,0.3276319089535973,0.3326017829734223,0.4798922911209127,1.0151690781148208
98,0,0.3276319089535973,0.35670824673178986,0.4135259959210578,1.088746965675772
99,0,0.3178536264305499,0.3379874271015634,0.46091691958681913,1.0633429950040627
100,0,0.34782608695652173,0.33954378572624117,0.4733158396980331,0.9761883839629434
101,0,0.3040605699341486,0.3501838464110857,0.4301188418200045,1.1516910807834313
102,0,0.32608695652173914,0.36856493105161814,0.48389549391808956,1.1302657885582956
103,0,0.3276319089535973,0.36925354553592776,0.4798922911209127,1.1270377989593967
104,0,0.2727272727272727,0.3759755214401376,0.4206373313591769,1.3785769119471711
105,0,0.2626687506586569,0.36856493105161814,0.38794064080904467,1.403154848558957
106,0,0.2608695652173913,0.37756415747977007,0.3913399701902541,1.4473292703391187
107,0,0.2826086956521739,0.3754317959255924,0.42942712859342597,1.32845097019825
108,0,0.2823419577959951,0.35670824673178986,0.3800240076048017,1.2633908524128312
109,0,0.2844078810934395,0.3754317959255924,0.49403120988624216,1.3200470904048114
110,0,0.2626687506586569,0.3573998470486948,0.4538905497465824,1.3606485208175478
111,0,0.2727272727272727,0.35670824673178986,0.4206373313591769,1.307930238016563
112,0,0.25,0.3324253756827596,0.4304439309419672,1.3297015027310384
113,0,0.20513217183267982,0.3573998470486948,0.3881111146931913,1.7422905624975062
114,0,0.15329238620669328,0.36347873159397903,0.33243835520894927,2.371146673285384
115,0,0.1185113657849943,0.35083811828693096,0.2766346572434231,2.9603752852146563
116,0,0.19611613513818402,0.3754317959255924,0.394687421442359,1.91433405344778
117,0,0.23782574707724702,0.36856493105161814,0.3467685886775811,1.5497267877052283
118,0,0.27460823932495954,0.35670824673178986,0.4244763899020237,1.2989713914216416
119,0,0.24974213505257492,0.35670824673178986,0.3830950985383508,1.4283062273680682
120,0,0.2727272727272727,0.3632946628943963,0.4198362215506053,1.3320804306127867
121,0,0.29514979597122487,0.3501838464110857,0.4687372616223908,1.1864614212548068
122,0,0.2823419577959951,0.3699410339009254,0.4398754557071713,1.3102587967751667
123,0,0.30434782608695654,0.3581832698955109,0.4398754557071713,1.1768878867995358
124,0,0.3178536264305499,0.3581832698955109,0.46091691958681896,1.1268811808688706
125,0,0.2727272727272727,0.33954378572624117,0.4206373313591769,1.2449938809962178
126,0,0.29733551205223224,0.3581832698955109,0.4135931578774491,1.2046434259510506
127,0,0.29545454545454547,0.3516318905472945,0.45920332728988333,1.190138706467766
128,0,0.2727272727272727,0.3516318905472945,0.4206373313591769,1.2893169320067466
129,0,0.2826086956521739,0.3501838464110857,0.38927031478510726,1.2391120719161495
130,0,0.2724459655118999,0.33180544140883145,0.43028558235065933,1.2178761421017952
131,0,0.30434782608695654,0.3501838464110857,0.4398754557071713,1.1506040667792814
132,0,0.2826086956521739,0.3699410339009254,0.42942712859342597,1.3090221199571208
133,0,0.29733551205223224,0.3516318905472945,0.4552655218752697,1.1826098003575305
134,0,0.29514979597122487,0.33954378572624117,0.4610820665553969,1.1504117243548575
135,0,0.29545454545454547,0.33333333333333337,0.4183313006793459,1.1282051282051282
136,0,0.29514979597122487,0.3632946628943963,0.47271436976766096,1.2308823107904676
137,0,0.3040605699341486,0.3494153150544545,0.4301188418200045,1.149163520709471
138,0,0.30434782608695654,0.35086018123903623,0.4398754557071713,1.1528263097854046
139,0,0.3058927785188147,0.34531446212455175,0.4360645797571443,1.1288741885199893
140,0,0.30434782608695654,0.3699410339009254,0.5014924735318089,1.2155205399601834
141,0,0.2826086956521739,0.34389243358996896,0.48993352976736987,1.2168501496260442
142,0,0.3040605699341486,0.3516318905472945,0.48963338229137904,1.1564534349963516
143,0,0.2914138129852693,0.35086018123903623,0.458132375916756,1.2039929667190206
144,0,0.30434782608695654,0.3445835180487675,0.4781900291536205,1.132202987874522
145,0,0.3056040641755621,0.3445835180487675,0.42560440153019885,1.1275488726838814
146,0,0.2826086956521739,0.3699410339009254,0.48993352976736987,1.3090221199571208
147,0,0.2708333333333333,0.34531446212455175,0.4016818144954169,1.2750072447675758
148,0,0.2928931088450006,0.33852575386262335,0.4015475273971957,1.1557996540020052
149,0,0.2914138129852693,0.3445835180487675,0.4016818144954169,1.1824543061937351
150,0,0.3125,0.3445835180487675,0.5077753971196638,1.1026672577560561
151,0,0.3040605699341486,0.3445835180487675,0.48963338229137904,1.1332726177662402
152,0,0.3181818181818182,0.3387706751312772,0.4725429345655544,1.0647078361268711
153,0,0.3040605699341486,0.33333333333333337,0.4301188418200045,1.096272803163937
154,0,0.3178536264305499,0.34517061485585787,0.46091691958681896,1.0859420379502156
155,0,0.3040605699341486,0.3326017829734223,0.4301188418200045,1.093866866872791
156,0,0.3056040641755621,0.34997602985991777,0.42560440153019885,1.1451942918496827
157,0,0.27460823932495954,0.3310772442385822,0.4160598001167664,1.2056347801232565
158,0,0.3040605699341486,0.3445835180487675,0.4301188418200045,1.1332726177662402
159,0,0.3058927785188147,0.3445835180487675,0.4360645797571443,1.1264846451011366
160,0,0.3178536264305499,0.33333333333333337,0.46091691958681913,1.0487007402640591
161,0,0.2727272727272727,0.3558960542062529,0.4198362215506053,1.304952198756261
162,0,0.36363636363636365,0.34997602985991777,0.5662398026343128,0.9624340821147739
163,0,0.3056040641755621,0.3326017829734223,0.42560440153019885,1.0883421458110933
164,0,0.3178536264305499,0.3564335853992394,0.46091691958681913,1.1213764945894653
165,0,0.29545454545454547,0.35086018123903623,0.4183313006793459,1.187526767270584
166,0,0.31946713798225884,0.3258576849163378,0.5245753268635889,1.020003769321757
167,0,0.29514979597122487,0.3071475584169756,0.47271436976766096,1.0406497399270451
168,0,0.3273226763137156,0.3194382824999699,0.4685428309194386,0.9759124729684507
169,0,0.2823419577959951,0.32015621187164245,0.5018035930079028,1.1339306930178967
170,0,0.2606233456578416,0.30873216510801665,0.38076788904691605,1.184591366244429
171,0,0.2826086956521739,0.31868871959954903,0.48993352976736987,1.1276677770445582
172,0,0.2762040184244509,0.307981660395834,0.40366328654045147,1.115051338328284
173,0,0.3040605699341486,0.3209092263462678,0.5310919310747134,1.0554121713833797
174,0,0.29514979597122487,0.3033046662436124,0.47271436976766096,1.0276295982030175
175,0,0.3056040641755621,0.3258576849163378,0.42560440153019885,1.0662740556000607
176,0,0.3178536264305499,0.3071475584169756,0.46091691958681913,0.966317615646542
177,0,0.2624208329529608,0.32015621187164245,0.39648028444592454,1.220010653380674
178,0,0.2914138129852693,0.2929986815088998,0.4016818144954169,1.00543854976329
179,0,0.29545454545454547,0.29653343833118423,0.4183313006793459,1.0036516374286235
180,0,0.2826086956521739,0.29653343833118423,0.3894065690441809,1.0492721664026519
181,0,0.29733551205223224,0.2973877617405965,0.4552655218752697,1.0001757263638091
182,0,0.3178536264305499,0.2857142857142857,0.46091691958681913,0.8988863487977649
183,0,0.3178536264305499,0.2980632856557692,0.46091691958681913,0.9377375649382285
184,0,0.2914138129852693,0.29355829163598035,0.458132375916756,1.0073588778402192
185,0,0.27059854062917865,0.3053871350372058,0.4016818144954169,1.1285616482895249
186,0,0.3040605699341486,0.2929986815088998,0.4301188418200045,0.9636194577032974
187,0,0.3056040641755621,0.2881021222781773,0.42927869180428185,0.9427300093518051
188,0,0.2823419577959951,0.2929986815088998,0.4398754557071713,1.037744031372782
189,0,0.2841394450911143,0.2881021222781773,0.43618312315302327,1.0139462410289155
190,0,0.2823419577959951,0.3053871350372058,0.4398754557071713,1.0816215110963492
191,0,0.2815462531857365,0.28387155247722623,0.428023010535419,1.0082590312077628
192,0,0.2841394450911143,0.27878097655910217,0.43618312315302327,0.9811414126951159
193,0,0.303203657276947,0.2718945421012578,0.48484022432330653,0.8967389923430529
194,0,0.3056040641755621,0.2833654380813596,0.42560440153019885,0.9272305944156982
195,0,0.3056040641755621,0.2881021222781773,0.42560440153019885,0.9427300093518051
196,0,0.29514979597122487,0.2833654380813596,0.5378224254249101,0.960073298200707
197,0,0.31946713798225884,0.2881021222781773,0.46069783602571357,0.9018208385933474
198,0,0.2841394450911143,0.2833654380813596,0.43618312315302327,0.997275960718842
199,0,0.3040605699341486,0.28715264090918663,0.48963338229137904,0.9443928917563241
200,0,0.2823419577959951,0.29355829163598035,0.4302677146230152,1.0397260610060994
201,0,0.2970288224275004,0.2718945421012578,0.46121095708188475,0.9153810053824745
202,0,0.2838854520374086,0.2626128657194451,0.4398754557071713,0.9250663034498846
203,0,0.2841394450911143,0.2674082098871901,0.43618312315302327,0.9411161122013207
204,0,0.2823419577959951,0.27926288007618955,0.4398754557071713,0.9890945088578358
205,0,0.2838854520374086,0.2509607501778176,0.4398754557071713,0.8840211725423238
206,0,0.2823419577959951,0.2718945421012578,0.5018035930079028,0.9629972966954985
207,0,0.28333867474801605,0.27480077131901537,0.4236549132551808,0.969866791264575
208,0,0.2815462531857365,0.2862834186947996,0.4396496924053877,1.016825532058983
209,0,0.2841394450911143,0.28163558949494,0.43618312315302327,0.9911879338140772
210,0,0.2830853975051852,0.28163558949494,0.4270417127823969,0.9948785489360374
211,0,0.303203657276947,0.2669314479735155,0.48484022432330653,0.8803701458313863
212,0,0.2815462531857365,0.2954719948835205,0.428023010535419,1.0494616480958714
213,0,0.2823419577959951,0.276672459105594,0.4398754557071713,0.9799197443601438
214,0,0.2848778190674648,0.2669314479735155,0.3704824875310372,0.9370032698484706
215,0,0.3047428015963957,0.27878097655910217,0.4798922911209127,0.9148074215328714
216,0,0.28333867474801605,0.2626128657194451,0.4236549132551808,0.9268514647814908
217,0,0.303203657276947,0.2626128657194451,0.48484022432330653,0.8661269724710934
218,0,0.2942411746381852,0.2651259647569979,0.4584284897281177,0.9010498448526487
219,0,0.2977229608361267,0.25843091909345584,0.3975286505184104,0.868024818669266
220,0,0.2724459655118999,0.25437926478667566,0.4078910792803708,0.9336870315136484
221,0,0.2823419577959951,0.27878097655910217,0.4398754557071713,0.9873877008408865
222,0,0.29514979597122487,0.24646035293793558,0.47271436976766096,0.8350348070779755
223,0,0.2724459655118999,0.25051331242875796,0.472885898279894,0.9194972366651398
224,0,0.2626866648272802,0.25323340641691383,0.3956583795943486,0.9640131773853766
225,0,0.2606233456578416,0.27878097655910217,0.4400294230199245,1.0696700092442937
226,0,0.2724459655118999,0.2459715054756232,0.472885898279894,0.9028267495665288
227,0,0.20433447413392491,0.23032671985243935,0.32825132647260197,1.1272044075219465
228,0,0.22928642684202533,0.24646035293793558,0.31852850889705575,1.0749016255887787
229,0,0.2512145030008985,0.25051331242875796,0.3638483674228679,0.9972087974071385
230,0,0.21404317236952233,0.24913643956121992,0.355171769724281,1.1639541537494729
231,0,0.21639811134906528,0.25051331242875796,0.355171769724281,1.1576501794170582
232,0,0.2724459655118999,0.2509607501778176,0.472885898279894,0.921139535710453
233,0,0.2516211615088504,0.2345325149100973,0.3657427449980605,0.9320858130680236
234,0,0.2873592025525141,0.23032671985243935,0.44593166632805636,0.8015289498527466
235,0,0.23936971912903793,0.2307248648684518,0.35378409774948677,0.9638849295890851
236,0,0.25386928375762585,0.2307248648684518,0.3658773413006721,0.9088333234072127
237,0,0.2516211615088504,0.2509607501778176,0.35868722695188326,0.9973753744435777
238,0,0.26072500472698745,0.23032671985243935,0.4614807691143915,0.8834086323773241
239,0,0.24968808471946113,0.2307248648684518,0.5157540046798246,0.9240523636828102
240,0,0.26072500472698745,0.2509607501778176,0.4614807691143915,0.9625496044792701
241,0,0.24018068605679,0.2429415949496937,0.4081261410395453,1.0114951328444906
242,0,0.25,0.2142162322618345,0.4304439309419672,0.856864929047338
243,0,0.24897330161692596,0.24688638670956994,0.4278998694948865,0.9916179168858555
244,0,0.24897330161692596,0.2630668208823282,0.41725284035518545,1.056606548468746
245,0,0.26160832178497173,0.2429415949496937,0.4079675733319444,0.9286462804091489
246,0,0.23782574707724702,0.2488669858601926,0.4079675733319444,1.0464257504439136
247,0,0.26357662784478947,0.2509607501778176,0.386631174484019,0.9521358256605328
248,0,0.24974213505257492,0.24688638670956994,0.4183313006793459,0.9885652121040617
249,0,0.24018068605679,0.2509607501778176,0.4081261410395453,1.0448831431786263
250,0,0.26357662784478947,0.2307248648684518,0.4077572289487651,0.8753616235060006
251,0,0.24018068605679,0.24931148313216975,0.4081261410395453,1.0380163668664881
252,0,0.24974213505257492,0.2345325149100973,0.4304439309419672,0.9390987021902583
253,0,0.21404317236952233,0.2509607501778176,0.355171769724281,1.1724772502650123
254,0,0.26072500472698745,0.22178739880822035,0.3958594306956767,0.8506564187829251
255,0,0.2619047619047619,0.2345325149100973,0.3983152707783026,0.8954877842021897
256,0,0.24974213505257492,0.2345325149100973,0.4183313006793459,0.9390987021902583
257,0,0.18181818181818182,0.24688638670956994,0.2883288678475557,1.3578751269026346
258,0,0.19318836639999085,0.26154472428268644,0.32055723404669506,1.353832682352962
259,0,0.1664780229540729,0.23318803104990976,0.32738574573535545,1.4007136011835055
260,0,0.18181818181818182,0.23032671985243935,0.33403053094431173,1.2667969591884165
261,0,0.21404317236952233,0.25051331242875796,0.4234393027707003,1.1703868413811112
262,0,0.21404317236952233,0.25051331242875796,0.4234393027707003,1.1703868413811112
263,0,0.19340727680042052,0.24646035293793558,0.434342374410595,1.274307549411707
264,0,0.21428571428571427,0.23032671985243935,0.4350356014242929,1.0748580259780505
265,0,0.21428571428571427,0.25051331242875796,0.3634791031225756,1.1690621246675372
266,0,0.20433447413392491,0.22859274246969066,0.32825132647260197,1.1187184318191281
267,0,0.21404317236952233,0.23032671985243935,0.4234393027707003,1.0760759958033383
268,0,0.19047619047619047,0.242535625036333,0.4322411113516228,1.2733120314407482
269,0,0.1664780229540729,0.24646035293793558,0.32738574573535545,1.4804377692899908
270,0,0.14655482882269746,0.25736571916644585,0.29803043693965336,1.7561053513822311
271,0,0.075,0.23032671985243935,0.2334731938979215,3.0710229313658584
272,0,0.10590169943749475,0.25437926478667566,0.3042208450427392,2.4020319422429597
273,0,0.12466828517856643,0.242535625036333,0.29796264233714925,1.9454476709047641
274,0,0.17033740353042218,0.242535625036333,0.26201287917373184,1.42385418592468
275,0,0.21697094110771556,0.25437926478667566,0.3522093725423957,1.1724116763654018
276,0,0.22703830459324992,0.23873317557257237,0.44059751299487915,1.0515105633838941
277,0,0.21404317236952233,0.242535625036333,0.355171769724281,1.1331154474650633
278,0,0.24974213505257492,0.24094172633510336,0.4183313006793459,0.9647620185691976
279,0,0.24974213505257492,0.25843091909345584,0.4183313006793459,1.0347910217034533
280,0,0.2724459655118999,0.23873317557257237,0.43028558235065933,0.8762588028199116
281,0,0.2734804799837845,0.2318259104534449,0.35466491430190766,0.8476872296962129
282,0,0.24897330161692596,0.23541687191405927,0.4278998694948865,0.9455506690282607
283,0,0.24897330161692596,0.2318259104534449,0.4278998694948865,0.9311275905805181
284,0,0.2606233456578416,0.24733877696033693,0.4400294230199245,0.9490277102230692
285,0,0.24897330161692596,0.25828705737470853,0.4278998694948865,1.03740865264386
286,0,0.25199025730135033,0.24361276856704794,0.41405713592332655,0.9667547117733052
287,0,0.2606233456578416,0.25346513062213066,0.38076788904691605,0.9725342523800282
288,0,0.2724459655118999,0.2321257265819032,0.472885898279894,0.8520064745527105
289,0,0.2841394450911143,0.24733877696033693,0.43618312315302327,0.8704837756018825
290,0,0.29514979597122487,0.2572837590361572,0.47271436976766096,0.87170569842183
291,0,0.2823419577959951,0.2459076823429763,0.4302677146230152,0.8709569213962021
292,0,0.3040605699341486,0.2612188624844061,0.4734773096957241,0.8591014038452245
293,0,0.2606233456578416,0.25828705737470853,0.4400294230199245,0.9910357674319772
294,0,0.2815462531857365,0.27236735535142165,0.428023010535419,0.9673982596804103
295,0,0.27059854062917865,0.2739030354470016,0.45840402491860155,1.0122117983716379
296,0,0.3040605699341486,0.27780653445920833,0.49581083148298366,0.9136552448065653
297,0,0.2823419577959951,0.2726475527391335,0.5006566384647024,0.9656643131168403
298,0,0.27137327465928585,0.27653315937748607,0.3996567834572857,1.019013975214319
299,0,0.3056040641755621,0.26527583589433745,0.4299213433300412,0.8680376571888224
300,0,0.3056040641755621,0.26149588722052,0.49571611536671395,0.8556688796857654
301,0,0.2928931088450006,0.25395244518720844,0.39822275752764186,0.8670482080942382
302,0,0.2928931088450006,0.25,0.39822275752764186,0.853553711064948
303,0,0.3056040641755621,0.269764523925744,0.42560440153019885,0.8827255771401354
304,0,0.2914138129852693,0.258265893482491,0.4973745435323594,0.8862513785355333
305,0,0.2724459655118999,0.258265893482491,0.43028558235065933,0.9479527178801642
306,0,0.2841394450911143,0.2858309752375147,0.43618312315302327,1.0059531690359218
307,0,0.3040605699341486,0.2653336556919882,0.4894788004560182,0.8726342114975723
308,0,0.3056040641755621,0.2653336556919882,0.42560440153019885,0.8682268555812154
309,0,0.2826086956521739,0.269764523925744,0.4400294230199245,0.9545513923526328
310,0,0.2841394450911143,0.27857199218528345,0.43618312315302327,0.980405913356924
311,0,0.30434782608695654,0.24614997934681954,0.4200141865138793,0.8087785035681213
312,0,0.2823419577959951,0.26659521535383474,0.5018035930079028,0.9442281176872122
313,0,0.2608695652173913,0.2624896270132293,0.4538905497465824,1.0062102368840458
314,0,0.2914138129852693,0.2624896270132293,0.45742342331199715,0.9007453158251558
315,0,0.2916666666666667,0.26197844906556517,0.4477694300109908,0.898211825367652
316,0,0.2916666666666667,0.2624896270132293,0.4477694300109908,0.899964435473929
317,0,0.2916666666666667,0.27387312473216135,0.4681252939644173,0.9389935705102674
318,0,0.30434782608695654,0.2951802284913832,0.4398754557071713,0.9698778936145448
319,0,0.3040605699341486,0.2626657354711574,0.42942712859342597,0.8638599063602486
320,0,0.2931472460805307,0.278352102132163,0.4682828881852444,0.9495299916810294
321,0,0.3040605699341486,0.27853885297647374,0.42942712859342597,0.9160637074277597
322,0,0.2928931088450006,0.2740509990931434,0.45742342331199715,0.935668989188037
323,0,0.2826086956521739,0.2949234913868546,0.38927031478510726,1.0435754310611778
324,0,0.2928931088450006,0.24986122674478858,0.46060701720396996,0.8530799093570189
325,0,0.3056040641755621,0.279020337956373,0.4938604418987312,0.9130125239305804
326,0,0.2608695652173913,0.27853885297647374,0.3913399701902541,1.0677322697431493
327,0,0.2823419577959951,0.295378269592824,0.3800240076048017,1.0461720670161543
328,0,0.30434782608695654,0.279020337956373,0.4200141865138793,0.9167811104280826
329,0,0.30434782608695654,0.2849314375050464,0.4200141865138793,0.9362032946594381
330,0,0.30434782608695654,0.2558997873630096,0.4398754557071713,0.8408135870498886
331,0,0.3181818181818182,0.26626406389923885,0.4497147392972174,0.8368299151118935
332,0,0.2626687506586569,0.26626406389923885,0.38794064080904467,1.0136876321662416
333,0,0.2743249919681754,0.2674082098871901,0.4099646746657589,0.9747861759464201
334,0,0.2826086956521739,0.2509607501778176,0.42942712859342597,0.8880149621676624
335,0,0.20513217183267982,0.2801736088018083,0.3881111146931913,1.3658199311141577
336,0,0.14269544824634822,0.27926288007618955,0.2328091841427282,1.9570552775732024
337,0,0.2171861213815347,0.29361010975735174,0.35611983630431226,1.3518824678560453
338,0,0.2608695652173913,0.2773500981126146,0.3913399701902541,1.063175376098356
339,0,0.2608695652173913,0.27878097655910217,0.3913399701902541,1.068660410143225
340,0,0.21739130434782608,0.29496212048311204,0.3653038522114985,1.3568257542223154
341,0,0.2727272727272727,0.2653869907594312,0.4206373313591769,0.973085632784581
342,0,0.25,0.26982315055959094,0.4304439309419672,1.0792926022383638
343,0,0.18461603694585593,0.2674082098871901,0.28822119330944096,1.4484560188322935
344,0,0.24974213505257492,0.2674082098871901,0.4183313006793459,1.0707372619798263
345,0,0.22727272727272727,0.2669314479735155,0.39420322996566626,1.1744983710834682
346,0,0.2727272727272727,0.2653869907594312,0.4206373313591769,0.973085632784581
347,0,0.2727272727272727,0.2989714675246442,0.4206373313591769,1.0962287142570288
348,0,0.2608695652173913,0.2669314479735155,0.3913399701902541,1.0232372172318094
349,0,0.2171861213815347,0.2626128657194451,0.29811722300307586,1.2091604382865166
350,0,0.2522504434907451,0.27878097655910217,0.3658773413006721,1.1051753673897127
351,0,0.25,0.261093395690526,0.37704544256988065,1.044373582762104
352,0,0.2626687506586569,0.2669314479735155,0.332638974661716,1.0162284143209637
353,0,0.2727272727272727,0.25470084657585834,0.4206373313591769,0.9339031041114807
354,0,0.2727272727272727,0.2626128657194451,0.36080493141672015,0.9629138409712987
355,0,0.22703830459324992,0.2626128657194451,0.3829541682920868,1.1566896880679616
356,0,0.22928642684202533,0.2669314479735155,0.32066162645899876,1.1641833825489678
357,0,0.2619047619047619,0.2689336860843524,0.3983152707783026,1.026837710503891
358,0,0.24018068605679,0.2626128657194451,0.34278736678182287,1.0933971004535772
359,0,0.24092962022387432,0.27878097655910217,0.3423100758017312,1.1571054497162117
360,0,0.22703830459324992,0.2708186408802705,0.3829541682920868,1.1928323785074735
361,0,0.25,0.26638449408694254,0.4304439309419672,1.0655379763477701
362,0,0.23890473351968816,0.24688638670956994,0.40013464753293515,1.0334093555715338
363,0,0.2624208329529608,0.2669314479735155,0.3423100758017312,1.0171884791683563
364,0,0.2624208329529608,0.25470084657585834,0.3423100758017312,0.9705816558455697
365,0,0.22952317076347237,0.2669314479735155,0.3277644833422394,1.1629825742020312
366,0,0.25199025730135033,0.2833654380813596,0.35571063144947773,1.124509499359288
367,0,0.27460823932495954,0.2881021222781773,0.35754173165530034,1.0491386674572778
368,0,0.303203657276947,0.39639326653732687,0.37817375652176083,1.3073498852134895
369,0,0.303203657276947,0.4310727952321649,0.37817375652176083,1.4217268983613278
370,0,0.2848778190674648,0.4228107029476569,0.4533921989461794,1.4841826026740497
371,0,0.2753537218400135,0.4031757456766882,0.4535193795504215,1.4642102637382983
372,0,0.303203657276947,0.40671377924342145,0.37817375652176083,1.3413881049328111
373,0,0.3056040641755621,0.42527015043934235,0.48963338229137887,1.3915722998861528
374,0,0.3040605699341486,0.4211345892347343,0.48963338229137887,1.3850351899489657
375,0,0.3040605699341486,0.40609099299747536,0.42942712859342597,1.3355595336989068
376,0,0.2815462531857365,0.43314041541863363,0.3890705242525554,1.5384343088128054
377,0,0.2606233456578416,0.42226629456944786,0.3993109061712529,1.6202166905025408
378,0,0.2606233456578416,0.41496358599203,0.3993109061712529,1.5921965276925474
379,0,0.29514979597122487,0.4143445618434053,0.4278998694948865,1.4038449882032142
380,0,0.2838854520374086,0.422871234083864,0.46157519425095617,1.4895840242920964
381,0,0.2914138129852693,0.4336742954054493,0.4016818144954169,1.4881734361279955
382,0,0.2724459655118999,0.42226629456944786,0.43028558235065933,1.549908414962394
383,0,0.3040605699341486,0.4024476231884595,0.4493728641924959,1.323577151998429
384,0,0.3040605699341486,0.4143445618434053,0.48963338229137887,1.3627040228634093
385,0,0.2724459655118999,0.3955504733800106,0.43028558235065933,1.451849259858956
386,0,0.2914138129852693,0.4245124411000918,0.4016818144954169,1.456734108624942
387,0,0.2823419577959951,0.4324521014428569,0.4409401767906329,1.5316607734062793
388,0,0.2838854520374086,0.4324521014428569,0.44082176609581414,1.5233330850144131
389,0,0.2838854520374086,0.43436455469073604,0.44082176609581414,1.5300697924932702
390,0,0.2823419577959951,0.45121962849640923,0.4409401767906329,1.5981316840709732
391,0,0.2841394450911143,0.4245124411000918,0.4646618854861883,1.4940285427951212
392,0,0.2624208329529608,0.4136861168159925,0.467028222734271,1.5764225429851682
393,0,0.2606233456578416,0.4024476231884595,0.3999927245095146,1.544173343998167
394,0,0.29514979597122487,0.4109691984549646,0.4183313006793459,1.3924088854699102
395,0,0.2724459655118999,0.4024476231884595,0.43028558235065933,1.4771649212433697
396,0,0.29514979597122487,0.38396154831992657,0.40803722704017403,1.3009039937041333
397,0,0.2815462531857365,0.42226629456944786,0.3876500334098847,1.4998114511965397
398,0,0.2815462531857365,0.4109691984549646,0.3876500334098847,1.459686263996728
399,0,0.2830853975051852,0.40311288741492746,0.45038246971907925,1.423997461428733
400,0,0.2838854520374086,0.40311288741492746,0.44082176609581414,1.4199843088888113
401,0,0.2841394450911143,0.40311288741492746,0.4516232337071126,1.4187149808984187
402,0,0.2823419577959951,0.40311288741492746,0.3800240076048017,1.427747014866968
403,0,0.3108636467454263,0.3772260637784119,0.43724698069600026,1.2134775736171277
404,0,0.29733551205223224,0.3834824944236852,0.42213876119638555,1.2897298804870632
405,0,0.2727272727272727,0.3919691910639088,0.4206373313591769,1.4372203672343324
406,0,0.29611441649441417,0.3772260637784119,0.42015643849604933,1.2739199537943733
407,0,0.303203657276947,0.4223745907089114,0.37817375652176083,1.3930392347580207
408,0,0.2734804799837845,0.40311288741492746,0.38351480343263356,1.4740097261743481
409,0,0.29864233397920936,0.3955504733800106,0.48851801682835516,1.3244956537459545
410,0,0.2823419577959951,0.3844565721627095,0.39717778258138914,1.361669994654131
411,0,0.2724459655118999,0.40265661914486944,0.43028558235065933,1.4779320309930675
412,0,0.2823419577959951,0.4109691984549646,0.3894065690441809,1.4555725321983797
413,0,0.259888849094526,0.4114484503012234,0.3536132068472869,1.5831708506722912
414,0,0.2942411746381852,0.4115199375532508,0.41725284035518545,1.3985803926295421
415,0,0.2724459655118999,0.39928193818631147,0.43028558235065933,1.4655454245251858
416,0,0.2724459655118999,0.39148014634313566,0.368463569699152,1.4369093174405496
417,0,0.2724459655118999,0.40740042186335523,0.43028558235065933,1.4953439339719667
418,0,0.2848778190674648,0.40363260219229674,0.4533921989461794,1.4168621604643372
419,0,0.2815462531857365,0.43049588845104175,0.3876500334098847,1.529041440189378
420,0,0.2823419577959951,0.4228107029476569,0.4409401767906329,1.4975128253986143
421,0,0.29676330752293384,0.37816510885791954,0.4261696523037026,1.274298740010825
422,0,0.29864233397920936,0.4110541536602924,0.4754583123266934,1.3764095270193972
423,0,0.2823419577959951,0.4115199375532508,0.3894065690441809,1.4575231423825172
424,0,0.2815462531857365,0.4143445618434053,0.4505047536933579,1.4716749278494625
425,0,0.28333867474801605,0.39492189449597953,0.45351571081358927,1.3938157042881587
426,0,0.3178536264305499,0.39492189449597953,0.46091691958681896,1.2424646493132552
427,0,0.29676330752293384,0.38396154831992657,0.48851801682835516,1.2938309372706194
428,0,0.2743249919681754,0.39978072905934575,0.43332652224189006,1.4573252192265609
429,0,0.2724459655118999,0.4110541536602924,0.3724499552823943,1.508754783312577
430,0,0.2724459655118999,0.39978072905934575,0.43028558235065933,1.4673762127774437
431,0,0.14925557853149837,0.40609099299747536,0.29580599774670874,2.720775980321401
432,0,0.14834045293024462,0.38396154831992657,0.29956393063921344,2.588380584900061
433,0,0.24957126046114644,0.3955504733800106,0.3754652304996184,1.5849199649395944
434,0,0.14221363894199315,0.3932602241758304,0.302732266417331,2.765277839042115
435,0,0.19026059766179762,0.3759755214401376,0.33517751909925336,1.9761081698506069
436,0,0.18163064367459994,0.4046707170796337,0.30759497865195473,2.227987022964147
437,0,0.19026059766179762,0.43072074710994623,0.33517751909925336,2.2638462845343543
438,0,0.18163064367459994,0.3874071721484264,0.37724600389866736,2.1329394881322177
439,0,0.18181818181818182,0.38047670677477524,0.3030917756432407,2.092621887261264
440,0,0.17642258044004247,0.39022595394647697,0.28372807787943066,2.2118821353431906
441,0,0.20454545454545456,0.3922322702763681,0.34801540212729193,1.9175799880177995
442,0,0.18163064367459994,0.3914309777739461,0.37724600389866736,2.1550932698075638
443,0,0.1956521739130435,0.3980514447026408,0.3844150985444886,2.0344851618134974
444,0,0.19546750924338122,0.3984354568466629,0.3455416616130236,2.0383717907335765
445,0,0.18181818181818182,0.4099180245918029,0.3835144126371824,2.2545491352549156
446,0,0.2171861213815347,0.3910247796626377,0.3824652306136275,1.8004132914907467
447,0,0.18163064367459994,0.38607401621810583,0.37724600389866736,2.125599559674391
448,0,0.18163064367459994,0.3922322702763681,0.30759497865195473,2.159504929019968
449,0,0.18181818181818182,0.3854270793360793,0.3835144126371824,2.119848936348436
450,0,0.23809523809523808,0.3752042573530358,0.4450328291222067,1.5758578808827506
451,0,0.18163064367459994,0.3745531175027401,0.3761226893378833,2.062169190865007
452,0,0.21404317236952233,0.3745531175027401,0.40703959785940724,1.7498951886963943
453,0,0.18163064367459994,0.3922322702763681,0.385045355517374,2.159504929019968
454,0,0.20658259638270032,0.3922322702763681,0.3056507102702813,1.8986704453541976
455,0,0.22727272727272727,0.39291414435460753,0.4103492283622573,1.7288222351602731
456,0,0.18181818181818182,0.4073450083127911,0.3127151799590729,2.240397545720351
457,0,0.19546750924338122,0.4,0.3455416616130236,2.046375899239349
458,0,0.17374889710522776,0.3922322702763681,0.3474772771087362,2.257466244742952
459,0,0.18163064367459994,0.4,0.30759497865195473,2.202271554554524
460,0,0.20433447413392491,0.4073450083127911,0.30922323452988226,1.9935207215489688
461,0,0.22703830459324992,0.3745531175027401,0.4136070252930246,1.6497353526920056
462,0,0.20433447413392491,0.3842405385645923,0.36899375266589457,1.8804489070833603
463,0,0.20433447413392491,0.3992806337675255,0.2951970879312425,1.9540541822904975
464,0,0.19026059766179762,0.3922322702763681,0.32055723404669506,2.0615528128088307
465,0,0.22703830459324992,0.3922322702763681,0.3263622298137325,1.7276039432159747
466,0,0.2724459655118999,0.40280598757035213,0.4286982761579875,1.4784802807173825
467,0,0.2727272727272727,0.3914309777739461,0.4198362215506053,1.4352469185044692
468,0,0.25,0.3992806337675255,0.4286982761579875,1.597122535070102
469,0,0.3181818181818182,0.38047670677477524,0.4715896465592757,1.195783935577865
470,0,0.1726801446931346,0.42072235413639836,0.37268598794624375,2.4364257679077874
471,0,0.2512145030008985,0.441004868587238,0.3926629780748253,1.7554912766547586
472,0,0.25,0.40163897795550013,0.4304439309419672,1.6065559118220005
473,0,0.2724459655118999,0.39077324871548297,0.368463569699152,1.4343146832116136
474,0,0.24974213505257492,0.3847591128691742,0.3830950985383508,1.5406255447771195
475,0,0.2724459655118999,0.4038110860096793,0.3724499552823943,1.4821694468881448
476,0,0.27460823932495954,0.40163897795550013,0.4244763899020237,1.4625889556074751
477,0,0.2724459655118999,0.41165428895818573,0.43028558235065933,1.5109575514716347
478,0,0.2876848221499576,0.3833278898822752,0.38900151219230483,1.3324578162224456
479,0,0.259888849094526,0.38539513718352214,0.3536132068472869,1.4829229438903222
480,0,0.2815462531857365,0.4038110860096793,0.3876500334098847,1.434261978060438
481,0,0.2815462531857365,0.4044786041022079,0.3849776846870757,1.436632878347604
482,0,0.259888849094526,0.40311288741492746,0.3846660650183418,1.5510972818549382
483,0,0.259888849094526,0.4235702594681104,0.3875146999539994,1.6298131333601416
484,0,0.14221363894199315,0.4215694211412087,0.27153138003430144,2.96433889377629
485,0,0.21858532913759207,0.4419384993749181,0.38018894487468674,2.02181226488779
486,0,0.24037595062210954,0.3955504733800106,0.3467868575755348,1.6455492837627836
487,0,0.259888849094526,0.4297575433633302,0.3536132068472869,1.653620556867448
488,0,0.3048553804248462,0.44036624646717526,0.42889596876016967,1.4445086908208122
489,0,0.30628194591584446,0.4317349658148484,0.5080296422063693,1.4095997872936135
490,0,0.28333867474801605,0.4396636273575557,0.45351571081358927,1.5517247257140785
491,0,0.2830853975051852,0.4396636273575557,0.45038246971907925,1.5531130578697636
492,0,0.24974213505257492,0.4500244123637598,0.3830950985383508,1.8019562949160424
493,0,0.1896181852559909,0.4297575433633302,0.3260058890410298,2.266436327207452
494,0,0.1866442219137,0.4589682214477241,0.36864599060115116,2.45905400521823
495,0,0.19253606842154392,0.44925257383258455,0.4121073864602241,2.333342409636091
496,0,0.20370542859566668,0.468749206650763,0.30418820859735785,2.3011129839901305
497,0,0.20370542859566668,0.4788864932840771,0.30418820859735785,2.350877424256647
498,0,0.2064917935099982,0.44199060488069347,0.36864599060115116,2.1404754027636095
499,0,0.22633936510629632,0.40311288741492746,0.3393400804296909,1.7810109488714547
500,0,0.21657404091210497,0.45105974596917997,0.3750877768934797,2.082704575624737
501,0,0.20370542859566668,0.4611720832613933,0.29952486736343514,2.263916511409081
502,0,0.22633936510629632,0.4336780489100855,0.4044913675470834,1.9160522461765155
503,0,0.24897330161692596,0.4336780489100855,0.33727028397688585,1.7418656783422868
504,0,0.2370227315699886,0.4152273992686998,0.4394966274785363,1.7518463166731775
505,0,0.22633936510629632,0.4524987795489151,0.3393400804296909,1.9992049519817596
506,0,0.22633936510629632,0.4251634787101571,0.3393400804296909,1.878433645470758
507,0,0.22633936510629632,0.4251634787101571,0.3393400804296909,1.878433645470758
508,0,0.22858056649026884,0.41562406430794935,0.4044913675470834,1.818282589327835
509,0,0.23782574707724702,0.4143445618434053,0.39779658620244357,1.7422191118307475
510,0,0.22703830459324992,0.4143445618434053,0.299494628681478,1.8249984846641785
511,0,0.20433447413392491,0.41496358599203,0.30568920457126986,2.030805559124862
512,0,0.20433447413392491,0.41562406430794935,0.3737529529855833,2.034037898252749
513,0,0.2064917935099982,0.4143445618434053,0.3721126598362382,2.006590939040602
514,0,0.22633936510629632,0.40671377924342145,0.36978066072394095,1.796920208963277
515,0,0.2064917935099982,0.40609099299747536,0.3721126598362382,1.9666204941835266
516,0,0.23782574707724702,0.4251634787101571,0.44982822334978706,1.7877100521503326
517,0,0.22928642684202533,0.41562406430794935,0.36860877376181933,1.812684989828498
518,0,0.2171861213815347,0.4336742954054493,0.3717568425800898,1.9967864090339638
519,0,0.22633936510629632,0.4524987795489151,0.3393400804296909,1.9992049519817596
520,0,0.22703830459324992,0.46206724527298076,0.4136070252930246,2.035195101112108
521,0,0.20433447413392491,0.4531111723553882,0.3737529529855833,2.2174974353980526
522,0,0.21657404091210497,0.4072001544842116,0.3420094367960059,1.8801891157835988
523,0,0.24897330161692596,0.43314041541863363,0.40198552296503753,1.7397062761575535
524,0,0.22703830459324992,0.43436455469073604,0.4136070252930246,1.9131774062043014
525,0,0.19706114243968853,0.41485886507053,0.3387360539813471,2.1052291686449522
526,0,0.22633936510629632,0.43314041541863363,0.29351578892173086,1.9136769037733088
527,0,0.20712944338653744,0.43490370763926794,0.2937084978875612,2.0996711067661513
528,0,0.22727272727272727,0.4245124411000918,0.39420322996566626,1.8678547408404038
529,0,0.30434782608695654,0.45193781387555904,0.4387690846410745,1.4849385313054082
530,0,0.3474977942104555,0.4355918009259017,0.4735545292227448,1.2535095421701978
531,0,0.33304435769745067,0.4247621917130427,0.43183650075471103,1.2753922469958545
532,0,0.31222908534136,0.444145198403582,0.4552469077624572,1.4224978365420318
533,0,0.31222908534136,0.444145198403582,0.4458077601114974,1.4224978365420318
534,0,0.33304435769745067,0.444145198403582,0.48496172184392705,1.3335917217581548
535,0,0.3125,0.4436146946072538,0.44566137329916394,1.419567022743212
536,0,0.3137083812010913,0.444145198403582,0.4458077601114974,1.4157900299095898
537,0,0.33304435769745067,0.4521064961812462,0.48496172184392705,1.3574963386467451
538,0,0.2914138129852693,0.4247621917130427,0.45742342331199715,1.4575911394238337
539,0,0.2928931088450006,0.40671377924342145,0.45742342331199715,1.3886082224578897
540,0,0.32577918207230205,0.4327315994564548,0.4758638126525547,1.3282972739504766
541,0,0.2928931088450006,0.4327315994564548,0.45742342331199715,1.4774386504445105
542,0,0.3137083812010913,0.4336780489100855,0.4584077671499494,1.3824241712945884
543,0,0.3343402696845619,0.43314041541863363,0.48906549173395997,1.2955077646712618
544,0,0.3040605699341486,0.41443095483280906,0.42942712859342597,1.3629881537174116
545,0,0.3040605699341486,0.4228107029476569,0.42942712859342597,1.3905476235844272
546,0,0.33304435769745067,0.4223745907089114,0.43313560811685076,1.2682232289688316
547,0,0.3125,0.43148629441139286,0.44580776011149753,1.3807561421164571
548,0,0.31222908534136,0.42183074386605374,0.4458077601114974,1.351029624305712
549,0,0.24285278722463768,0.5184232609410837,0.43272470999756524,2.134722301793245
550,0,0.2639632607645147,0.5267175917381002,0.4232219353788968,1.995420083130403
551,0,0.25,0.5514109665703558,0.334156436618586,2.2056438662814233
552,0,0.22858056649026884,0.46254811859569017,0.35955343681159446,2.0235671198906657
553,0,0.21428571428571427,0.5169223075924668,0.32055723404669506,2.4123041020981786
554,0,0.23809523809523808,0.49386479832479485,0.37271607976025095,2.0742321529641385
555,0,0.2619047619047619,0.5069431142826691,0.345301454287584,1.9356009818065547
556,0,0.2619047619047619,0.5571581105602567,0.345301454287584,2.127330967593707
557,0,0.2638752983404338,0.5790165071972788,0.3546902539449557,2.1942808244607708
558,0,0.27465689319140724,0.5444765997966867,0.38479375103673336,1.9823882571090006
559,0,0.26539634065922857,0.49497168389647167,0.4363354982838403,1.8650282919010555
560,0,0.27712929246129075,0.4954286337746507,0.38479375103673336,1.7877165902404628
561,0,0.225,0.485071250072666,0.3627809406327558,2.1558722225451823
562,0,0.26160832178497173,0.4385290096535146,0.36694724980290927,1.6762808104168887
563,0,0.2657636714103364,0.47556426399925594,0.44360072029013226,1.7894253999260477
564,0,0.23651474905243652,0.521540880445196,0.3885103045657162,2.205109332651249
565,0,0.24968808471946113,0.4967587249049893,0.39691180646456914,1.9895171428109042
566,0,0.22471927624751503,0.48622647497961097,0.35638921341625523,2.163706127479964
567,0,0.26279416561381835,0.4642113068948655,0.43226829220171825,1.7664444939657982
568,0,0.23684210526315788,0.49861346212811447,0.31401902735555276,2.1052568400964833
569,0,0.24045284556173296,0.563092506371473,0.37022218012364294,2.341800135723105
570,0,0.21404317236952233,0.5070628661846923,0.32738574573535545,2.36897472865569
571,0,0.25,0.5198884261639503,0.38752557830733086,2.079553704655801
572,0,0.24253562503633294,0.509954526701106,0.3839694807830066,2.1025963778505217
573,0,0.24968808471946113,0.5206833117271102,0.39691180646456914,2.0853350383624742
574,0,0.21404317236952233,0.5441609239104835,0.32738574573535545,2.542295172915157
575,0,0.22703830459324992,0.4659111189183054,0.33679778317135617,2.0521256082889083
576,0,0.2857142857142857,0.5458312976350116,0.4753463988869912,1.9104095417225406
577,0,0.23782574707724702,0.4752099356614605,0.324799645401048,1.998143352860403
578,0,0.27465689319140724,0.4423917446834593,0.38479375103673336,1.6107068697349547
579,0,0.2764892059226463,0.6124287276879801,0.37360428977712934,2.215018577829472
580,0,0.2762040184244509,0.5888648878951932,0.3780696023327333,2.1319924715587124
581,0,0.2762040184244509,0.6099108518994971,0.3780696023327333,2.2081896395954277
582,0,0.2639632607645147,0.530487311787008,0.4148213688191076,2.009701313169726
583,0,0.27465689319140724,0.46258057649942,0.38479375103673336,1.6842125137454662
584,0,0.23782574707724702,0.4637730532305317,0.3650694512861233,1.9500540161444162
585,0,0.2638752983404338,0.46430770351483835,0.4234393027707003,1.759572443631387
586,0,0.2753537218400135,0.5731205399256526,0.3685581082899131,2.081397469755822
587,0,0.2883505980845719,0.5737346042733951,0.4671441978530685,1.9897118580108557
588,0,0.28638893798427906,0.5899212986559914,0.47236187932241575,2.059860631517738
589,0,0.2650336523863296,0.5866154166562821,0.41354047017866097,2.213362006577168
590,0,0.24281045302822785,0.5552562071579142,0.3068110161420119,2.2867887285452375
591,0,0.2524754878398196,0.48565329697902343,0.3363255449976927,1.9235661296638074
592,0,0.2536857024815635,0.5070628661846923,0.3271994477081624,1.9987837754535767
593,0,0.2630719922860368,0.5096539043437769,0.4041069853167974,1.937317233640109
594,0,0.28638893798427906,0.5299263324351973,0.4015157899771799,1.8503729095300703
595,0,0.275,0.44927291688477494,0.45290584961269026,1.633719697762818
596,0,0.25,0.4739360554076727,0.4057354121969676,1.8957442216306908
597,0,0.2873592025525141,0.4752099356614605,0.3966300488438465,1.6537139978129538
598,0,0.26160832178497173,0.4484572012869663,0.35181078721697656,1.7142314060466872
599,0,0.2876848221499576,0.4752539706658571,0.4042519167180801,1.6519952881564528
600,0,0.27465689319140724,0.4723400623219754,0.4516649786699797,1.7197458867081978
601,0,0.275,0.45030853620354316,0.4419928221367883,1.6374855861947022
602,0,0.22807764064044153,0.4723400623219754,0.40551182915097855,2.070961717227719
603,0,0.3,0.48921089138364743,0.4419928221367883,1.6307029712788248
604,0,0.2996257016633534,0.4723400623219754,0.4487868400712342,1.5764337294825144
605,0,0.2894736842105263,0.48731468459480126,0.4266446984381557,1.6834507286002225
606,0,0.23651474905243652,0.47398052095690113,0.3885103045657162,2.004020987510666
607,0,0.25216048398934465,0.4457075910546245,0.39691180646456914,1.7675552648188064
608,0,0.2657636714103364,0.47398052095690113,0.44360072029013226,1.7834661842290702
609,0,0.2631578947368421,0.4477599776163701,0.4423040390440463,1.7014879149422064
610,0,0.25,0.4858941691318982,0.4057354121969676,1.9435766765275928
611,0,0.3016921834310232,0.5288252645803269,0.4434208167744814,1.7528636591316717
612,0,0.30056995195306196,0.5443106084411166,0.43033410354880564,1.8109282212152662
613,0,0.2767233749590771,0.49497168389647167,0.44624740885468506,1.7886876523158548
614,0,0.2890735821752002,0.48324529129697025,0.4900648563140978,1.6717034038900431
615,0,0.3037586651986931,0.5338268429611759,0.43727064574052626,1.7574044928462922
616,0,0.3162203479667375,0.5188131901850448,0.5322582442010545,1.6406698478480506
617,0,0.30056995195306196,0.5899212986559914,0.5081183516532025,1.9626755596251868
618,0,0.29244328628402977,0.5390072006452904,0.3935839290132562,1.8431170279005493
619,0,0.3007732496038529,0.5146808458229185,0.49237431273480164,1.7111922237127217
620,0,0.3007732496038529,0.5298501265957813,0.42986373704813413,1.7616264986784715
621,0,0.2883505980845719,0.49615590124171693,0.4671441978530685,1.7206688820399
622,0,0.2867441755680875,0.5662051176862654,0.4539523537839103,1.97460023927084
623,0,0.2867441755680875,0.4743416490252569,0.3990303371141606,1.6542328997110676
624,0,0.29851115706299675,0.5173952057462543,0.4928360698668901,1.733252488238036
625,0,0.29244328628402977,0.551482774961812,0.3935839290132562,1.885776835465442
626,0,0.2940816368414582,0.5298501265957813,0.4052274673048553,1.8017110224445188
627,0,0.2650336523863296,0.49615590124171693,0.40954592821439373,1.8720486880605227
628,0,0.26279416561381835,0.5311129115880081,0.4301742555476709,2.021022461999746
629,0,0.2512225000170304,0.5630925063714729,0.3956055683242062,2.2414095327182113
630,0,0.24171670668808728,0.5387980983993786,0.30219751733652744,2.22904782123582
631,0,0.26357662784478947,0.5317505248607237,0.4072563277020121,2.0174418695949474
632,0,0.23936971912903793,0.5576581918698384,0.4272559713440548,2.329693972566428
633,0,0.24018068605679,0.5198884261639503,0.3615731979906588,2.1645721589829425
634,0,0.3020690632574555,0.5206833117271102,0.44175562556218284,1.7237227345036932
635,0,0.2876848221499576,0.5078185267991495,0.4042519167180801,1.7651905408288997
636,0,0.2753537218400135,0.576202291378851,0.43359671168090413,2.092589442875361
637,0,0.2753537218400135,0.5278446444131557,0.43359671168090413,1.9169693472305593
638,0,0.2883505980845719,0.5552562071579142,0.4097538705560831,1.925628768749979
639,0,0.27465689319140724,0.53240611356148,0.4516649786699797,1.9384407482919006
640,0,0.3016921834310232,0.5096539043437769,0.447865566356655,1.6893175638416915
641,0,0.24968808471946113,0.472054107044878,0.39603636724270014,1.8905752253867374
642,0,0.3,0.4752099356614605,0.4419928221367883,1.584033118871535
643,0,0.27712929246129075,0.5415433784741818,0.45160452181594724,1.9541181434287542
644,0,0.27569402219781225,0.5399773072466627,0.44810770159370344,1.9586108648348766
645,0,0.21932588008725848,0.5727128425310541,0.3114225378728886,2.611241511048314
646,0,0.21052631578947367,0.5441609239104835,0.32930402696252997,2.584764388574797
647,0,0.19975046777556893,0.4718079479258774,0.3662311342698226,2.3619866986042837
648,0,0.21052631578947367,0.5380805570921307,0.40874649893099474,2.5558826461876207
649,0,0.22471927624751503,0.4479787176940991,0.41301214779729134,1.9935037401984017
650,0,0.3016921834310232,0.5681655143089276,0.4434208167744814,1.8832622968464443
651,0,0.30917347120042116,0.5416643674306497,0.5201719104363083,1.7519755667507344
652,0,0.31177567983078364,0.5727128425310541,0.44566016683850845,1.8369387979264267
653,0,0.2760984297722801,0.5837041559235291,0.44383918348180995,2.1141161737317935
654,0,0.2650336523863296,0.5173952057462543,0.34927652811950777,1.9521868301919139
655,0,0.2781572246623454,0.5033384285852026,0.4429330948785801,1.8095464865102977
656,0,0.24968808471946113,0.5078185267991495,0.46294043734982115,2.03381161487827
657,0,0.24968808471946113,0.5173952057462543,0.39603636724270014,2.072166184171653
658,0,0.27712929246129075,0.5119424108555718,0.4371567859909146,1.8473053003845834
659,0,0.3016921834310232,0.4841321659988394,0.4434208167744814,1.6047222718633278
660,0,0.31177567983078364,0.5796394041294323,0.44566016683850845,1.8591552889694019
661,0,0.2650336523863296,0.5798380935073988,0.40777113660754427,2.1877904495772884
662,0,0.33520076157699547,0.5934402468583628,0.510689042357523,1.7704024420065343
663,0,0.31177567983078364,0.5657274880362537,0.4535493136059265,1.8145337325326418
664,0,0.28479344402135326,0.5662051176862654,0.4578754547471673,1.988125532987383
665,0,0.28638893798427906,0.5625571866355402,0.3994510017697178,1.9643118571375164
666,0,0.2650336523863296,0.502659965571368,0.34927652811950777,1.896589210636012
667,0,0.2857142857142857,0.48324529129697025,0.4072045640536607,1.6913585195393959
668,0,0.24968808471946113,0.4573500349199295,0.39603636724270014,1.8316854624191956
669,0,0.24968808471946113,0.46246387142126266,0.46294043734982115,1.8521663616462407
670,0,0.23974989306909258,0.5173952057462543,0.37508741113306926,2.1580623003537616
671,0,0.27712929246129075,0.52999894000318,0.45160452181594724,1.9124609141677433
672,0,0.28638893798427906,0.5385164807134504,0.4701505764617633,1.8803676025468956
673,0,0.26160832178497173,0.5289571690785907,0.4165391397502083,2.021943206811921
674,0,0.2753537218400135,0.5289571690785907,0.43359671168090413,1.9210096945263966
675,0,0.3071475584169756,0.5102994705332031,0.38695205488339113,1.6614147062189364
676,0,0.2762040184244509,0.521464271269567,0.3789427852527949,1.8879677212668837
677,0,0.24308221834545662,0.4983600309043882,0.35383974737137025,2.050170655412331
678,0,0.22471927624751503,0.5815069122696144,0.420734924386402,2.5877037429985257
679,0,0.22719167551739852,0.5181832242598,0.4092659389051162,2.28081959024118
680,0,0.2536857024815635,0.5551749076482039,0.3294166880953097,2.1884359355590837
681,0,0.2370227315699886,0.5175890100956786,0.36884713676643055,2.183710425862018
682,0,0.25463288325922817,0.49861687148590017,0.3921377822257309,1.9581794193418645
683,0,0.21404317236952233,0.4686062704816207,0.37271607976025095,2.189307256540857
684,0,0.23782574707724702,0.4759404763377187,0.37674691722313397,2.0012151004959557
685,0,0.27712929246129075,0.4183619018224271,0.4562547260364304,1.5096271422872545
686,0,0.2642623693712568,0.5105625890166364,0.4139517543041361,1.9320291051328518
687,0,0.26160832178497173,0.46737806542773513,0.4079675733319444,1.7865565676152126
688,0,0.23809523809523808,0.52023474032505,0.44503282912220654,2.18498590936521
689,0,0.27706906325745545,0.5206925096975876,0.4526598154933021,1.8792877976916345
690,0,0.35821927016591554,0.598053350376962,0.49175226024702995,1.6695175279095484
691,0,0.3350254240920351,0.479313445785057,0.44072021012693835,1.4306778271650942
692,0,0.3200921998322399,0.5888648878951932,0.4039344147691102,1.8396727199344967
693,0,0.3210806495339678,0.5082832803622094,0.41511010185151426,1.583039280317754
694,0,0.29864233397920936,0.5418680772413229,0.41764625925762844,1.8144382613854277
695,0,0.31946713798225884,0.5407279678086581,0.41569375114000723,1.6925933954392725
696,0,0.2606233456578416,0.5432144762551112,0.40407793252210567,2.0842893981119723
697,0,0.3210806495339678,0.531699686467753,0.41511010185151426,1.6559692626743094
698,0,0.2841394450911143,0.5202286984458654,0.4015455775274396,1.8308922165982444
699,0,0.3210806495339678,0.5091037941318175,0.41511010185151426,1.5855947559304981
700,0,0.2606233456578416,0.5095847614513023,0.4133556845879916,1.9552537021004583
701,0,0.29514979597122487,0.4984607454495272,0.49185186117211,1.6888398781008263
702,0,0.2743249919681754,0.5890150893739515,0.3786143301379005,2.14714337599355
703,0,0.25386928375762585,0.5438450749788825,0.38043683870237177,2.1422247974595554
704,0,0.28539089649269644,0.509954526701106,0.4823288754257569,1.7868633266448863
705,0,0.2977229608361267,0.6176109608556767,0.42256081062315587,2.0744485380676547
706,0,0.25199025730135033,0.6052574936862545,0.38382833935918664,2.401908312520347
707,0,0.24974213505257492,0.5710988059467873,0.40395254691096366,2.286753918503025
708,0,0.2724459655118999,0.5641427412833979,0.4452073777810452,2.070659186394732
709,0,0.2977229608361267,0.5656074155128954,0.42256081062315587,1.8997776117919847
710,0,0.2743249919681754,0.5571581105602567,0.3786143301379005,2.031014770338143
711,0,0.2743249919681754,0.5673824079008255,0.3786143301379005,2.0682855172256702
712,0,0.331831824197984,0.5101443274928473,0.5214689270370692,1.5373580539655383
713,0,0.2724459655118999,0.566176258382101,0.4452073777810452,2.0781231144983554
714,0,0.26072500472698745,0.5571581105602567,0.4827664434154859,2.1369569487348277
715,0,0.2639632607645147,0.5331197397956802,0.4148213688191076,2.0196740192237725
716,0,0.24253562503633294,0.49508587583355457,0.30947718746666425,2.041291359813176
717,0,0.2,0.5929528385575817,0.3627809406327558,2.9647641927879085
718,0,0.19975046777556893,0.5988387353460872,0.36351341245009133,2.997934082531996
719,0,0.25,0.5871632419555499,0.4057354121969676,2.3486529678221997
720,0,0.2626866648272802,0.6029791165777648,0.41234034569664124,2.295431010836546
721,0,0.2512145030008985,0.6269478318130057,0.3787560945469833,2.4956673453314253
722,0,0.26160832178497173,0.5954185312734758,0.4854743963850296,2.2759923201635703
723,0,0.2942411746381852,0.5598421651139138,0.49547747219906263,1.9026642542544423
724,0,0.29864233397920936,0.5380753188879384,0.42585355577187023,1.801738259001812
725,0,0.33520076157699547,0.4561079184639413,0.4482261787063732,1.3607007225106602
726,0,0.24974213505257492,0.5632820359986414,0.44751776828900336,2.255454554675209
727,0,0.30812955104098516,0.6049219779187108,0.5276898581645477,1.9632066313504883
728,0,0.2942411746381852,0.5930668766623686,0.47949548263236963,2.0155808492527787
729,0,0.2724459655118999,0.6078048630871232,0.4452073777810452,2.230918934494464
730,0,0.29864233397920936,0.5903877474234136,0.42585355577187023,1.9769057506244736
731,0,0.2762040184244509,0.6103369885262261,0.3780696023327333,2.2097324724229868
732,0,0.2753537218400135,0.560100711697907,0.3685581082899131,2.034113459426336
733,0,0.3210806495339678,0.5012029575730499,0.41511010185151426,1.5609877403092351
734,0,0.29864233397920936,0.5727128425310541,0.42585355577187023,1.917721559766958
735,0,0.2762040184244509,0.6212286898804124,0.3780696023327333,2.2491660093292047
736,0,0.2753537218400135,0.5873948575020632,0.43359671168090413,2.1332373994325464
737,0,0.28638893798427906,0.5657047656137204,0.47236187932241575,1.9753024317048657
738,0,0.2883505980845719,0.5862008498069268,0.4671441978530685,2.032944802961694
739,0,0.2626866648272802,0.5632820359986414,0.41234034569664124,2.1443114989069065
740,0,0.2630719922860368,0.5299263324351973,0.41035147690316304,2.0143776151549084
741,0,0.2734804799837845,0.5198884261639503,0.4222971992853719,1.901007436416581
742,0,0.28539089649269644,0.5423261445466404,0.4823288754257569,1.9002923751652299
743,0,0.2639632607645147,0.5527972739918056,0.4148213688191076,2.09422050777348
744,0,0.2844272778839863,0.5181832242598,0.4699423550231974,1.8218478484723934
745,0,0.23936971912903793,0.5096539043437769,0.41503720365687524,2.129149443790072
746,0,0.26357662784478947,0.5299263324351973,0.41270604302595787,2.0105209508456543
747,0,0.2753537218400135,0.5734134000346153,0.43359671168090413,2.0824610475676844
748,0,0.25308774485712743,0.5310966438701935,0.3835542978150845,2.0984684350086056
749,0,0.25386928375762585,0.5405473483130429,0.38043683870237177,2.1292349366263403
750,0,0.2626866648272802,0.5657047656137204,0.41234034569664124,2.1535343866262813
751,0,0.30812955104098516,0.5790022046664381,0.5276898581645477,1.8790869058496225
752,0,0.2753537218400135,0.5657047656137204,0.3685581082899131,2.0544656590565613
753,0,0.28638893798427906,0.5315275063167915,0.3994510017697178,1.8559638164026049
754,0,0.26072500472698745,0.5734134000346153,0.4827664434154859,2.1993034409379058
755,0,0.28638893798427906,0.5526699974437717,0.4015157899771799,1.9297882150535777
756,0,0.2753537218400135,0.5385164807134504,0.3685581082899131,1.9557261732831785
757,0,0.2844272778839863,0.57314693519762,0.4699423550231974,2.0150913072106897
758,0,0.28638893798427906,0.5889203116544821,0.47236187932241575,2.056365430171783
759,0,0.2883505980845719,0.5630925063714729,0.4097538705560831,1.952805057842538
760,0,0.2512145030008985,0.586593473983399,0.3787560945469833,2.3350302907523655
761,0,0.2650336523863296,0.5630925063714729,0.34927652811950777,2.12460757832622
762,0,0.2650336523863296,0.5399773072466627,0.34927652811950777,2.0373914874008454
763,0,0.25386928375762585,0.586593473983399,0.38043683870237177,2.3106122383180145
764,0,0.26072500472698745,0.5657047656137204,0.4827664434154859,2.169737291619137
765,0,0.2724459655118999,0.5756879563661815,0.4940140142370791,2.1130353510081124
766,0,0.2743249919681754,0.5680401468064508,0.42848895994847824,2.070683180307354
767,0,0.25199025730135033,0.5913515328558142,0.38382833935918664,2.3467237947561927
768,0,0.2516211615088504,0.6269478318130057,0.38043683870237177,2.4916339629524913
769,0,0.2716072381275556,0.5890150893739515,0.43421459097374004,2.1686281022353713
770,0,0.23936971912903793,0.6029791165777648,0.3629009365236821,2.5190283832547533
771,0,0.2857142857142857,0.5707842158179349,0.4072045640536607,1.9977447553627723
772,0,0.24968808471946113,0.5427231461290205,0.3935759184396126,2.1736045063536014
773,0,0.27465689319140724,0.5705645591838102,0.4485314962363761,2.077372071583822
774,0,0.26279416561381835,0.5528473965774272,0.4301742555476709,2.1037278178764756
775,0,0.24968808471946113,0.5717155532352768,0.39603636724270014,2.2897190063259605
776,0,0.2487592975524973,0.6103369885262261,0.3975585839685739,2.453524328663224
777,0,0.25216048398934465,0.4866325661073748,0.39126918150897094,1.9298526018372413
778,0,0.25463288325922817,0.5826580865824077,0.3243015396812087,2.288227974032853
779,0,0.25463288325922817,0.5633368246415097,0.3243015396812087,2.2123490785281117
780,0,0.2996257016633534,0.5705645591838102,0.44619910631642007,1.90425773228517
781,0,0.24968808471946113,0.5564296261359442,0.3935759184396126,2.228498916002038
782,0,0.27465689319140724,0.5233976280287502,0.4516649786699797,1.9056416969808094
783,0,0.28638893798427906,0.5,0.3964506827842457,1.7458774892605902
784,0,0.2760984297722801,0.47717115136217914,0.43554207487600083,1.7282646328548097
785,0,0.2760984297722801,0.4739360554076727,0.44383918348180995,1.716547449395365
786,0,0.2630719922860368,0.43707078121588233,0.4041069853167974,1.6614113019703656
787,0,0.28638893798427906,0.4642113068948655,0.4015157899771799,1.6209121419359702
788,0,0.3098140197304909,0.47556426399925594,0.4517712175525731,1.534999172771304
789,0,0.2844272778839863,0.4642113068948655,0.40211198751297383,1.6320913744574472
790,0,0.30056995195306196,0.4723400623219754,0.43033410354880564,1.5714813115974335
791,0,0.30056995195306196,0.47556426399925594,0.4326432565478873,1.582208271016797
792,0,0.28539089649269644,0.4775795135690202,0.4127466064093048,1.6734223811558828
793,0,0.3016921834310232,0.4784980627333866,0.4455022601761274,1.5860472660962628
794,0,0.30056995195306196,0.46254811859569017,0.4895636629201779,1.538903392006142
795,0,0.26279416561381835,0.4784980627333866,0.4301742555476709,1.820809307602931
796,0,0.22719167551739852,0.4549294948071559,0.33847082121471334,2.002403889892159
797,0,0.2,0.4484572012869663,0.3728906734479171,2.2422860064348313
798,0,0.26279416561381835,0.4606087428301155,0.4301742555476709,1.752735802768886
799,0,0.25216048398934465,0.48921089138364743,0.39126918150897094,1.9400775396842895
800,0,0.26160832178497173,0.5,0.4148213688191076,1.9112541856026035
801,0,0.2767233749590771,0.4858941691318982,0.38001273354572285,1.7558840817251309
802,0,0.26072500472698745,0.5093852630166567,0.41884104105350956,1.9537261627439548
803,0,0.2487592975524973,0.46195533614838374,0.40045246867210504,1.857037468321739
804,0,0.24968808471946113,0.5146616682842827,0.4083265789992124,2.061218375168101
805,0,0.27919577422896064,0.538343279302489,0.3800634382689128,1.9281927915606947
806,0,0.2767233749590771,0.4619537974709321,0.44624740885468506,1.6693703505865654
807,0,0.24968808471946113,0.5292360912414429,0.3964995602638958,2.119588893623298
808,0,0.21347047650771073,0.5018685303777536,0.31658353922337806,2.3509973771929333
809,0,0.2890735821752002,0.5403702434442518,0.4900648563140978,1.8693172837798337
810,0,0.2274754878398196,0.5034130089044646,0.288692584778881,2.21304288072986
811,0,0.25463288325922817,0.5282097356750238,0.3243015396812087,2.0743971827758068
812,0,0.25216048398934465,0.5158515267572394,0.324434203038059,2.0457270647491197
813,0,0.27465689319140724,0.559736295973419,0.39442198673355927,2.037947380346071
814,0,0.25276188550732764,0.4619537974709321,0.3964995602638958,1.8276244321556936
815,0,0.24968808471946113,0.5324705665241595,0.3964995602638958,2.1325429570354575
816,0,0.25,0.46301089076534724,0.4057354121969676,1.852043563061389
817,0,0.27465689319140724,0.519117408873169,0.4485314962363761,1.8900578202907083
818,0,0.2781572246623454,0.5131717019960642,0.3778532372118626,1.8448979803382872
819,0,0.27363522730774703,0.5233976280287502,0.456683254408231,1.912756749846777
820,0,0.23651474905243652,0.5416643674306497,0.4505912892564045,2.290192766416271
821,0,0.2487592975524973,0.4775795135690202,0.40045246867210504,1.9198458842256276
822,0,0.2767233749590771,0.4917622040778217,0.44624740885468506,1.7770895001209974
823,0,0.26279416561381835,0.4784980627333866,0.4344938003030913,1.820809307602931
824,0,0.24968808471946113,0.5170302326149879,0.3935759184396126,2.070704467920049
825,0,0.22471927624751503,0.5260345319150856,0.41051512741478,2.340851842792915
826,0,0.2631578947368421,0.4775795135690202,0.4423040390440463,1.8148021515622768
827,0,0.3016921834310232,0.49064110331039806,0.4434208167744814,1.6262970347144403
828,0,0.3016921834310232,0.5020675484478357,0.4434208167744814,1.664171549749896
829,0,0.27919577422896064,0.5700085501923798,0.3800634382689128,2.0416088021623557
830,0,0.25463288325922817,0.5138601829113629,0.3363128965538698,2.0180432956423355
831,0,0.25482836727499747,0.538343279302489,0.32695768515559354,2.1125720227275053
832,0,0.27919577422896064,0.4917622040778217,0.3800634382689128,1.7613526044077632
833,0,0.27919577422896064,0.5362317446643429,0.3800634382689128,1.9206298739485728
834,0,0.25,0.45287184856001955,0.4057354121969676,1.8114873942400782
835,0,0.25,0.4887667492561676,0.40418143481672497,1.9550669970246703
836,0,0.2938507082299913,0.48731468459480126,0.4108512923478222,1.658375055585673
837,0,0.24968808471946113,0.5010864516923287,0.4083265789992124,2.006849675086931
838,0,0.25216048398934465,0.524758313062988,0.3368524505514325,2.0810489604119033
839,0,0.26279416561381835,0.5276558483992174,0.4301742555476709,2.007867439395968
840,0,0.24968808471946113,0.5,0.3935759184396126,2.0024984394500787
841,0,0.22471927624751503,0.5276558483992174,0.41051512741478,2.348066695524756
842,0,0.23026547630526498,0.5966210511709765,0.3385171270237401,2.5910139059666535
843,0,0.2890735821752002,0.5,0.4900648563140978,1.729663417312768
844,0,0.26160832178497173,0.5276558483992174,0.4148213688191076,2.0169688976213944
845,0,0.2890735821752002,0.5380753188879384,0.43158409018186517,1.8613783896787377
846,0,0.26160832178497173,0.5365068368888327,0.4148213688191076,2.05080187521639
847,0,0.2890735821752002,0.48731468459480126,0.4900648563140978,1.6857807653258752
848,0,0.23651474905243652,0.5273001263627917,0.4505912892564045,2.2294598052567394
849,0,0.2679985157046388,0.4665265896211377,0.35094705559542116,1.7407804979610288
850,0,0.25463288325922817,0.5030845449881567,0.3243015396812087,1.975724967446538
851,0,0.27919577422896064,0.4884281845914177,0.3800634382689128,1.7494110931309133
852,0,0.2631578947368421,0.4884281845914177,0.4423040390440463,1.8560271014473873
853,0,0.25463288325922817,0.4751208778712276,0.3243015396812087,1.865905423485828
854,0,0.26357662784478947,0.5046241778873315,0.4100511899969364,1.9145255101468481
855,0,0.22471927624751503,0.6109027087895084,0.41051512741478,2.718514935570703
856,0,0.2996257016633534,0.46546302004765133,0.4487868400712342,1.5534816187785707
857,0,0.26279416561381835,0.46301089076534724,0.4301742555476709,1.7618765990632823
858,0,0.27465689319140724,0.46301089076534724,0.4485314962363761,1.6857792476472706
859,0,0.22719167551739852,0.4762866516272887,0.33847082121471334,2.096408904695165
860,0,0.24968808471946113,0.4884281845914177,0.4083265789992124,1.956153354855498
861,0,0.23974989306909258,0.555174907648204,0.31898567883743306,2.315641940612713
862,0,0.2102353324910547,0.5020675484478357,0.3206116666396264,2.38812164681785
863,0,0.19975046777556893,0.5012029575730499,0.36351341245009133,2.509145350969491
864,0,0.23651474905243652,0.5447999326526091,0.4505912892564045,2.3034501435334342
865,0,0.23651474905243652,0.5660217754446886,0.3727076700881863,2.393177498284467
866,0,0.24968808471946113,0.4795377927934519,0.4083265789992124,1.9205473634524453
867,0,0.2660293096304744,0.5541272931890804,0.35921573220448894,2.0829557989636025
868,0,0.26279416561381835,0.5161395160225576,0.4344938003030913,1.9640448060062172
869,0,0.3016921834310232,0.5170302326149879,0.4434208167744814,1.7137674126489197
870,0,0.25463288325922817,0.4915837383836564,0.3243015396812087,1.9305587404561617
871,0,0.25,0.5012029575730499,0.4057354121969676,2.0048118302921996
872,0,0.24968808471946113,0.5,0.3964995602638958,2.0024984394500787
873,0,0.23651474905243652,0.5848786032374401,0.4505912892564045,2.47290541321704
874,0,0.28539089649269644,0.5181747579975645,0.4127466064093048,1.8156667376768458
875,0,0.27465689319140724,0.5541272931890804,0.4485314962363761,2.0175255270324177
876,0,0.3016921834310232,0.46546302004765133,0.4434208167744814,1.5428408345026663
877,0,0.23936971912903793,0.5260345319150856,0.3629009365236821,2.1975817736223946
878,0,0.22719167551739852,0.5170302326149879,0.33847082121471334,2.275744617127899
879,0,0.22388336779724757,0.5395398065453327,0.3996610221455105,2.409914643744098
880,0,0.22719167551739852,0.5170302326149879,0.33847082121471334,2.275744617127899
881,0,0.22719167551739852,0.49064110331039806,0.33847082121471334,2.1595910245964287
882,0,0.25216048398934465,0.4915837383836564,0.39126918150897094,1.9494876064896387
883,0,0.24968808471946113,0.4903398953750244,0.3935759184396126,1.9638097505772028
884,0,0.25,0.4887667492561676,0.4057354121969676,1.9550669970246703
885,0,0.25216048398934465,0.5292796862731177,0.3282637170553554,2.0989794986889505
886,0,0.25,0.47398052095690113,0.4057354121969676,1.8959220838276045
887,0,0.2631578947368421,0.4884281845914177,0.4423040390440463,1.8560271014473873
888,0,0.26279416561381835,0.5274478358209417,0.4301742555476709,2.0070758975526024
889,0,0.25,0.5034130089044646,0.40418143481672497,2.0136520356178584
890,0,0.25,0.5034130089044646,0.40418143481672497,2.0136520356178584
891,0,0.25482836727499747,0.5034130089044646,0.32695768515559354,1.9754983100496326
892,0,0.25216048398934465,0.4751208778712276,0.324434203038059,1.8842003725345975
893,0,0.251754566487131,0.46301089076534724,0.326913730731009,1.8391360173759352
894,0,0.25,0.5,0.33646565517924665,2.0
895,0,0.26279416561381835,0.4751208778712276,0.4301742555476709,1.8079582427618575
896,0,0.2767233749590771,0.5,0.44624740885468506,1.8068585643476698
897,0,0.27919577422896064,0.5490050673401575,0.3800634382689128,1.9663802894449751
898,0,0.24968808471946113,0.47872852935418286,0.3964995602638958,1.9173062659039648
899,0,0.2767233749590771,0.5720139858430037,0.39294856442766224,2.067096738494156
900,0,0.22719167551739852,0.4878792112998644,0.2808428804265749,2.1474343643480114
901,0,0.24968808471946113,0.4665265896211377,0.40015527151926605,1.8684375353565912
902,0,0.225,0.4751208778712276,0.3627809406327558,2.111648346094345
903,0,0.2549509756796392,0.5012029575730499,0.333293354515929,1.9658797391810756
904,0,0.27465689319140724,0.6021717344277753,0.39442198673355927,2.192450833586486
905,0,0.24968808471946113,0.47872852935418286,0.4083265789992124,1.9173062659039648
906,0,0.23782574707724702,0.4984659926348823,0.3636220223060677,2.095929472568746
907,0,0.2767233749590771,0.4775795135690202,0.44624740885468506,1.7258372684983565
908,0,0.23782574707724702,0.5046241778873315,0.3636220223060677,2.121823158715557
909,0,0.31535299873658207,0.515192432463559,0.4868126289512988,1.6337007560657606
910,0,0.26160832178497173,0.5146616682842827,0.364638082799526,1.9672985353551082
911,0,0.2890735821752002,0.5541272931890804,0.4900648563140978,1.9169074151273977
912,0,0.24968808471946113,0.5681655143089276,0.3935759184396126,2.275501111505958
913,0,0.3016921834310232,0.5483390152776617,0.4455022601761274,1.8175446544276481
914,0,0.26160832178497173,0.5125277065368143,0.4148213688191076,1.9591414487115786
915,0,0.28539089649269644,0.5093852630166567,0.4127466064093048,1.7848686460455916
916,0,0.26160832178497173,0.5116995621395729,0.4148213688191076,1.9559758598205566
917,0,0.2760984297722801,0.5400895767393841,0.45252445767628763,1.9561486719965704
918,0,0.28788315742461756,0.5720139858430037,0.4184588879497686,1.9869657918170707
919,0,0.28539089649269644,0.48731468459480126,0.4127466064093048,1.7075340895019486
920,0,0.25216048398934465,0.5125277065368143,0.324434203038059,2.03254569640845
921,0,0.2873592025525141,0.5276558483992174,0.41212661086667146,1.8362239444995319
922,0,0.26072500472698745,0.5276558483992174,0.35517524692280966,2.0238022392663906
923,0,0.27465689319140724,0.5490050673401575,0.4516649786699797,1.9988759829070017
924,0,0.2781572246623454,0.5362317446643429,0.31518008130040653,1.9278008878441815
925,0,0.27919577422896064,0.5564296261359442,0.3800634382689128,1.9929729512296694
926,0,0.26160832178497173,0.48921089138364743,0.4148213688191076,1.8700127275987537
927,0,0.27919577422896064,0.4759404763377188,0.3800634382689128,1.7046836674089965
928,0,0.27919577422896064,0.555174907648204,0.3800634382689128,1.9884789058194003
929,0,0.2996257016633534,0.48507125007266594,0.44619910631642007,1.6189240354876873
930,0,0.2996257016633534,0.580401594241463,0.44619910631642007,1.9370888112047788
931,0,0.27465689319140724,0.5161395160225576,0.39442198673355927,1.8792155915885282
932,0,0.3016921834310232,0.5012029575730499,0.4455022601761274,1.6613057450579969
933,0,0.27465689319140724,0.5133594317212689,0.5248166580845273,1.8690935652705822
934,0,0.31535299873658207,0.47299442250805,0.4868126289512988,1.4998887735427804
935,0,0.30812955104098516,0.5650002221911423,0.4605044005796352,1.8336450375575633
936,0,0.27919577422896064,0.4858941691318982,0.3800634382689128,1.740334969158344
937,0,0.27465689319140724,0.5276558483992174,0.4485314962363761,1.9211454781566188
938,0,0.28539089649269644,0.5966573556070519,0.4127466064093048,2.0906670918366914
939,0,0.2767233749590771,0.5659370084284088,0.38001273354572285,2.0451362611203394
940,0,0.24968808471946113,0.5403702434442518,0.4083265789992124,2.164181138444747
941,0,0.2487592975524973,0.5559317570921877,0.3975585839685739,2.234818005043071
942,0,0.2996257016633534,0.5030845449881567,0.5212818114779454,1.6790433604170611
943,0,0.2844272778839863,0.5158515267572394,0.40211198751297383,1.8136499796888246
944,0,0.25216048398934465,0.5018685303777536,0.33938648102773006,1.9902742984858828
945,0,0.27712929246129075,0.4739360554076727,0.4485314962363761,1.7101622538652126
946,0,0.2873592025525141,0.5292796862731177,0.40801206801050105,1.8418748436511034
947,0,0.3016921834310232,0.6280127387243033,0.4455022601761274,2.0816341065988797
948,0,0.2873592025525141,0.5143478268001366,0.40801206801050105,1.7899124936015958
949,0,0.2487592975524973,0.5507297915523577,0.3975585839685739,2.2139063623788116
950,0,0.2536857024815635,0.5,0.3271994477081624,1.9709427654336855
951,0,0.2996257016633534,0.5292360912414429,0.44619910631642007,1.7663240780194147
952,0,0.2873592025525141,0.47717115136217914,0.40801206801050105,1.6605389600320086
953,0,0.25216048398934465,0.5143478268001366,0.39341498256408924,2.0397637990807116
954,0,0.2996257016633534,0.5256913080424208,0.4487868400712342,1.7544933733123638
955,0,0.24968808471946113,0.5143478268001366,0.3935759184396126,2.059961441003626
956,0,0.2873592025525141,0.5126887040123478,0.40801206801050105,1.78413880418065
957,0,0.23809523809523808,0.5244206502225577,0.3721485001860261,2.2025667309347425
958,0,0.27465689319140724,0.5273001263627917,0.4485314962363761,1.9198503275696723
959,0,0.2996257016633534,0.5256913080424208,0.5212818114779454,1.7544933733123638
960,0,0.2996257016633534,0.5034130089044646,0.44619910631642007,1.6801396078834314
961,0,0.28539089649269644,0.5514109665703558,0.4127466064093048,1.9321252827154114
962,0,0.23026547630526498,0.5046241778873315,0.3385171270237401,2.191488650336565
963,0,0.25216048398934465,0.6038772616713559,0.3368524505514325,2.394813224172244
964,0,0.19975046777556893,0.5273001263627917,0.36351341245009133,2.639794200408299
965,0,0.175,0.5046241778873315,0.2537307780776701,2.8835667307847515
966,0,0.23651474905243652,0.5126887040123478,0.4505912892564045,2.1676817452880375
967,0,0.2631578947368421,0.48731468459480126,0.3668880262727902,1.851795801460245
968,0,0.2512225000170304,0.5262348115842176,0.3956055683242062,2.0946961818648573
969,0,0.25,0.5034130089044646,0.40418143481672497,2.0136520356178584
970,0,0.26160832178497173,0.4884281845914177,0.4148213688191076,1.8670208243332562
971,0,0.24968808471946113,0.5434214379335583,0.4083265789992124,2.176401162851337
972,0,0.2767233749590771,0.5126887040123478,0.38001273354572285,1.8527119513780363
973,0,0.2767233749590771,0.5380753188879384,0.38001273354572285,1.9444519963935498
974,0,0.28539089649269644,0.48731468459480126,0.4127466064093048,1.7075340895019486
975,0,0.24968808471946113,0.47398052095690113,0.39603636724270014,1.8982905070918599
976,0,0.30027903495882163,0.5530180082843166,0.43486062947984583,1.8416803835810713
977,0,0.27465689319140724,0.4739360554076727,0.4516649786699797,1.7255567479145286
978,0,0.27465689319140724,0.4884281845914177,0.4485314962363761,1.7783212316868164
979,0,0.2487592975524973,0.5395125009492048,0.40045246867210504,2.1688134122317497
980,0,0.31114177726023884,0.5,0.4544207671038959,1.60698445706248
981,0,0.28539089649269644,0.5,0.4127466064093048,1.7519830034690531
982,0,0.2873592025525141,0.5,0.41212661086667146,1.7399825568788818
983,0,0.26160832178497173,0.5565106113672493,0.4148213688191076,2.1272664706158384
984,0,0.2996257016633534,0.48731468459480126,0.4487868400712342,1.626411492370328
985,0,0.2996257016633534,0.46195533614838374,0.44619910631642007,1.5417747328879583
986,0,0.24968808471946113,0.4884281845914177,0.3935759184396126,1.956153354855498
987,0,0.26160832178497173,0.4752539706658571,0.4148213688191076,1.8166622813187527
988,0,0.27465689319140724,0.48731468459480126,0.4485314962363761,1.7742670825858127
989,0,0.28539089649269644,0.5244206502225577,0.4127466064093048,1.837552131716221
990,0,0.26160832178497173,0.48731468459480126,0.364638082799526,1.862764461274853
991,0,0.27465689319140724,0.49064110331039806,0.4516649786699797,1.7863782612893402
992,0,0.26072500472698745,0.4606087428301155,0.35517524692280966,1.7666458317353642
993,0,0.23782574707724702,0.4858941691318982,0.3636220223060677,2.0430679819291275
994,0,0.28539089649269644,0.5659370084284088,0.4127466064093048,1.983024039601389
995,0,0.2873592025525141,0.5988169911416472,0.40801206801050105,2.083862238698324
996,0,0.30812955104098516,0.5260345319150856,0.4605044005796352,1.7071862472714159
997,0,0.24968808471946113,0.5,0.3935759184396126,2.0024984394500787
998,0,0.28539089649269644,0.5111942236391351,0.4127466064093048,1.7912071825746456
999,0,0.3016921834310232,0.48731468459480126,0.4434208167744814,1.615271164976064
1000,0,0.2873592025525141,0.48731468459480126,0.3912325426433066,1.695838101811776
1001,0,0.2619047619047619,0.4739360554076727,0.3611386034425172,1.8095740297383867
1002,0,0.23782574707724702,0.5107289689440381,0.3636220223060677,2.147492335126149
1003,0,0.27712929246129075,0.5483390152776617,0.4485314962363761,1.9786396826104313
1004,0,0.23782574707724702,0.49861346212811447,0.3636220223060677,2.0965495462783608
1005,0,0.26160832178497173,0.5461579520225419,0.4148213688191076,2.087693343606458
1006,0,0.30056995195306196,0.47717115136217914,0.43033410354880564,1.587554405427379
1007,0,0.27465689319140724,0.4969343671765655,0.5248166580845273,1.8092914450548816
1008,0,0.28638893798427906,0.4752539706658571,0.4015157899771799,1.6594704181344657
1009,0,0.26160832178497173,0.5,0.4148213688191076,1.9112541856026035
1010,0,0.24968808471946113,0.4739360554076727,0.39603636724270014,1.8981124227059814
1011,0,0.24968808471946113,0.49861346212811447,0.39603636724270014,1.9969453596007005
1012,0,0.2996257016633534,0.4858941691318982,0.4302160558479527,1.6216705257075312
1013,0,0.29851115706299675,0.4969343671765655,0.43673934768980704,1.6647095273283008
1014,0,0.28539089649269644,0.4752539706658571,0.3967820521130322,1.6652737578755232
1015,0,0.23936971912903793,0.5480033688835246,0.3629009365236821,2.289359618574438
1016,0,0.26160832178497173,0.5158515267572394,0.4148213688191076,1.9718467793285346
1017,0,0.25216048398934465,0.5,0.39341498256408924,1.982864214446575
1018,0,0.26160832178497173,0.524758313062988,0.4148213688191076,2.0058930445427947
1019,0,0.27465689319140724,0.5034130089044646,0.4516649786699797,1.832879572236471
1020,0,0.28539089649269644,0.5126887040123478,0.4127466064093048,1.796443791000419
1021,0,0.26160832178497173,0.5107289689440381,0.4148213688191076,1.9522657592055899
1022,0,0.28539089649269644,0.4752539706658571,0.4127466064093048,1.6652737578755232
1023,0,0.27465689319140724,0.5,0.453596045569878,1.820453126772799
1024,0,0.23782574707724702,0.4752539706658571,0.3636220223060677,1.9983285094506282
1025,0,0.26160832178497173,0.5,0.35181078721697656,1.9112541856026035
1026,0,0.25216048398934465,0.5158515267572394,0.39341498256408924,2.0457270647491197
1027,0,0.24968808471946113,0.4637730532305317,0.39603636724270014,1.8574096307062762
1028,0,0.3016921834310232,0.5467806435536544,0.4239532632875301,1.812379218232767
1029,0,0.23782574707724702,0.5233031185136908,0.3636220223060677,2.2003636063160115
1030,0,0.26160832178497173,0.5727128425310541,0.4854743963850296,2.189199634871684
1031,0,0.24018068605679,0.5107289689440381,0.3634791031225756,2.1264364646842493
1032,0,0.28638893798427906,0.485071250072666,0.3994510017697178,1.693749952378724
1033,0,0.28539089649269644,0.5100153006885344,0.3983152707783026,1.7870762766309416
1034,0,0.25463288325922817,0.48116382308090644,0.3262846740284502,1.8896374141554184
1035,0,0.24968808471946113,0.4701133528750511,0.39603636724270014,1.8828025109938682
1036,0,0.2630719922860368,0.4475460551633936,0.4065312650226922,1.7012303410724892
1037,0,0.2626866648272802,0.4642089933021464,0.4018671789834148,1.767158578861891
1038,0,0.24171670668808728,0.4701133528750511,0.35142318351713764,1.9448939186553136
1039,0,0.26593156682433244,0.44304229160266523,0.4126532369272751,1.6660011328979518
1040,0,0.23782574707724702,0.4400385804161288,0.364942081837776,1.850256273023299
1041,0,0.28638893798427906,0.43011626335213127,0.3994510017697178,1.5018606039027316
1042,0,0.22928642684202533,0.4658069635814335,0.3360705308755685,2.031550537016162
1043,0,0.2734804799837845,0.4559080981901737,0.37269831279306315,1.6670590099052258
1044,0,0.25199025730135033,0.4533682004433154,0.38382833935918664,1.79914971832082
1045,0,0.25308774485712743,0.46412721717163175,0.3789427852527949,1.8338589149531515
1046,0,0.2403700850309326,0.4658315686301044,0.41658913238163986,1.937976468952689
1047,0,0.2650336523863296,0.5,0.3421700503872179,1.8865528792214237
1048,0,0.2873592025525141,0.47863265593861753,0.41212661086667146,1.6656249449716116
1049,0,0.26357662784478947,0.4984965850089536,0.4072563277020121,1.891277648875984
1050,0,0.26357662784478947,0.49677861349467134,0.41270604302595787,1.884759728344373
1051,0,0.2487592975524973,0.46571876999244216,0.4519102020400174,1.8721662851381806
1052,0,0.2626866648272802,0.5054290407998365,0.41234034569664124,1.9240757467919527
1053,0,0.2893275086123319,0.4881228845266147,0.46330394759805915,1.687094624592532
1054,0,0.26357662784478947,0.4766507588853142,0.4077572289487651,1.808395390679314
1055,0,0.26593156682433244,0.4766507588853142,0.4042007248000702,1.7923812677724622
1056,0,0.2753537218400135,0.4970351284556444,0.41779921940523157,1.805078664396745
1057,0,0.28638893798427906,0.4970351284556444,0.45135050418558653,1.7355248842849107
1058,0,0.2639632607645147,0.4766507588853142,0.40440832287089357,1.8057465933130028
1059,0,0.2883505980845719,0.4970351284556444,0.45129425823644476,1.7237180424015153
1060,0,0.2753537218400135,0.48715758765822553,0.41779921940523157,1.7692064752307024
1061,0,0.2626866648272802,0.48715758765822553,0.4018671789834148,1.8545196726241806
1062,0,0.2626866648272802,0.450377349111045,0.3956583795943486,1.7145040438469679
1063,0,0.2753537218400135,0.4634071346468237,0.3661433655226931,1.6829521371644045
1064,0,0.26357662784478947,0.4671783150931839,0.4077572289487651,1.7724572884675038
1065,0,0.2639632607645147,0.47608437776718876,0.39846824392792946,1.8036009116886544
1066,0,0.2626866648272802,0.4562812373608711,0.3956583795943486,1.736979064623938
1067,0,0.26357662784478947,0.4749489655911912,0.3937422456277695,1.8019388497180073
1068,0,0.25386928375762585,0.4472135954999579,0.31926039874276535,1.7615900154621376
1069,0,0.2873592025525141,0.49861687148590017,0.3937422456277695,1.7351693179019707
1070,0,0.2873592025525141,0.48715758765822553,0.44593166632805636,1.6952914099530145
1071,0,0.26357662784478947,0.4485805276602166,0.4077572289487651,1.7018979692098084
1072,0,0.26357662784478947,0.4472135954999579,0.3937422456277695,1.6967118790339235
1073,0,0.26357662784478947,0.45807029278891837,0.3937422456277695,1.7379017879334089
1074,0,0.28638893798427906,0.4759404763377187,0.45135050418558653,1.6618675277319712
1075,0,0.2873592025525141,0.4671783150931839,0.44593166632805636,1.6257642384284121
1076,0,0.31283195280524406,0.4759404763377187,0.38586550485638993,1.5213934256709993
1077,0,0.2883505980845719,0.4881228845266147,0.45129425823644476,1.6928103765661358
1078,0,0.25463288325922817,0.47443066875936624,0.3262846740284502,1.8631948187005118
1079,0,0.24253562503633294,0.4991081154330083,0.3006734114077668,2.0578754785332656
1080,0,0.2549509756796392,0.5294306232463302,0.3344575695137166,2.076597753097406
1081,0,0.21404317236952233,0.5189479074946438,0.3791192853309115,2.4245011029771906
1082,0,0.21664332175220916,0.5189479074946438,0.3789173351249381,2.395402282873979
1083,0,0.22471927624751503,0.5080395914768864,0.40573541219696774,2.2607744202473787
1084,0,0.21932588008725848,0.49802448852159115,0.312476173750091,2.270705528793286
1085,0,0.23026547630526498,0.5189479074946438,0.3404559596707402,2.253693935458523
1086,0,0.20589806935130187,0.4991081154330083,0.2921966725422073,2.424054373144381
1087,0,0.23026547630526498,0.4991081154330083,0.3344575695137166,2.1675334203002117
1088,0,0.21932588008725848,0.49802448852159115,0.312476173750091,2.270705528793286
1089,0,0.2549509756796392,0.4889546701021214,0.3344575695137166,1.9178380031638769
1090,0,0.2549509756796392,0.4979164509023657,0.3344575695137166,1.9529889994538667
1091,0,0.20589806935130187,0.5091900686076593,0.2921966725422073,2.4730201221016923
1092,0,0.31946713798225884,0.563567736935765,0.4169427678061013,1.7640867242096805
1093,0,0.31114177726023884,0.5403432269582992,0.45634544481352624,1.7366463344019416
1094,0,0.2873592025525141,0.538792195287729,0.39811234609083207,1.874978043166257
1095,0,0.2743249919681754,0.5506982065411411,0.3657427449980605,2.0074664090577206
1096,0,0.28539089649269644,0.530415407730549,0.48289083738965877,1.8585575582440592
1097,0,0.2762040184244509,0.4919711183587214,0.3655641928987153,1.7811874033008992
1098,0,0.29676330752293384,0.530415407730549,0.4193418721049887,1.7873348701963718
1099,0,0.24045284556173296,0.538792195287729,0.35740879294306543,2.240739526409146
1100,0,0.2619047619047619,0.51872719364888,0.4634030490536481,1.9805947393866326
1101,0,0.2743249919681754,0.5514973958173882,0.3657427449980605,2.0103797027773824
1102,0,0.24045284556173296,0.5386493147315156,0.354143446887016,2.240145311955665
1103,0,0.2743249919681754,0.5413902920037097,0.3657427449980605,1.9735361627806653
1104,0,0.2876848221499576,0.5311851620184319,0.4077572289487651,1.8464135787516387
1105,0,0.2876848221499576,0.500697003225961,0.4077572289487651,1.7404359377880887
1106,0,0.2876848221499576,0.5191500058986183,0.4077572289487651,1.8045790598852236
1107,0,0.28539089649269644,0.5957924689603167,0.3983152707783026,2.0876365584266767
1108,0,0.3114943459594814,0.5610056602159486,0.45247997223618475,1.801013942926987
1109,0,0.2638752983404338,0.5893751633419075,0.3983152707783026,2.2335367010425364
1110,0,0.2876848221499576,0.5744013612652626,0.38900151219230483,1.9966342227323073
1111,0,0.2876848221499576,0.5539217167548885,0.34458737669592804,1.9254464403622698
1112,0,0.2873592025525141,0.5963661591901978,0.39811234609083207,2.075333429007597
1113,0,0.23944788193665223,0.4987407283769582,0.3759261681038774,2.0828780122970723
1114,0,0.24968808471946113,0.49894798246976535,0.41031519555255214,1.9982851125249408
1115,0,0.22807764064044153,0.4889546701021214,0.3415614762770467,2.1438079977026145
1116,0,0.20307764064044154,0.5215793593908689,0.2984808290985365,2.5683741338828607
1117,0,0.2305531284802611,0.5450973743662536,0.28511137073300435,2.3643026575235666
1118,0,0.25,0.5418680772413229,0.4057354121969676,2.1674723089652916
1119,0,0.2524754878398196,0.509240456657392,0.40551182915097855,2.0169896927993034
1120,0,0.2524754878398196,0.5708263279047432,0.334642026926654,2.260917813403327
1121,0,0.20307764064044154,0.5554514989346976,0.2984808290985365,2.73516817106493
1122,0,0.2549509756796392,0.6572310573321178,0.3344575695137166,2.577872297135144
1123,0,0.2549509756796392,0.6950373537277857,0.3344575695137166,2.7261607917952855
1124,0,0.2631578947368421,0.6024970381380704,0.4433451239259088,2.2894887449246677
1125,0,0.25,0.5782011911977165,0.40573541219696774,2.312804764790866
1126,0,0.25,0.5106192690816943,0.40573541219696774,2.042477076326777
1127,0,0.19975046777556893,0.554768370526012,0.3662311342698226,2.777306990586505
1128,0,0.2028242685634354,0.5101872796249043,0.29444818484485163,2.5154153555610526
1129,0,0.26279416561381835,0.6113827632693332,0.4491048302112773,2.326470079125627
1130,0,0.26279416561381835,0.5210848412348087,0.4491048302112773,1.9828630518401766
1131,0,0.22471927624751503,0.46895310261062645,0.3627809406327559,2.0868396803401157
1132,0,0.22719167551739852,0.4790627146822204,0.3627809406327558,2.1086279397835304
1133,0,0.2277930770353815,0.48938843417171135,0.36536281082389166,2.14839028710121
1134,0,0.22694573469258858,0.4799040287904034,0.3606118868334971,2.1146201731460685
1135,0,0.22719167551739852,0.48,0.3627809406327558,2.1127534664589467
1136,0,0.22694573469258858,0.5,0.3606118868334971,2.2031698488507816
1137,0,0.25463288325922817,0.4898130662986032,0.43570864691747885,1.9236049171227843
1138,0,0.2403700850309326,0.48003261337554276,0.3938124719644773,1.9970563862544235
1139,0,0.2521302880488364,0.48003261337554276,0.4389343140071323,1.9039069724243634
1140,0,0.19436506316151,0.500697003225961,0.37419509546171065,2.576064829150395
1141,0,0.2173675740962213,0.500697003225961,0.3656982481960543,2.30345765833647
1142,0,0.25,0.46026535513583333,0.4282047795314746,1.8410614205433333
1143,0,0.22800237002164542,0.4801298181631174,0.3988333188657056,2.1058106462557222
1144,0,0.2173675740962213,0.4512962691034428,0.3656982481960543,2.0761894729692716
1145,0,0.2403700850309326,0.43182526646386904,0.40257900896395077,1.7965017003189
1146,0,0.25,0.41236153174375495,0.4282047795314746,1.6494461269750198
1147,0,0.23852207234014097,0.44040738475518304,0.39314716477043077,1.8464009658910996
1148,0,0.1977872705736595,0.44040738475518304,0.3258522722685526,2.226672037476585
1149,0,0.2403700850309326,0.4044786041022079,0.40257900896395077,1.6827327079830112
1150,0,0.2521302880488364,0.4198066504503904,0.43733691012733866,1.6650385548644433
1151,0,0.2403700850309326,0.4221585268381751,0.40257900896395077,1.7562856325646705
1152,0,0.2650854018430103,0.41026434366535963,0.4786171336863694,1.54766856572633
1153,0,0.2521302880488364,0.41165428895818573,0.43733691012733866,1.632704631180409
1154,0,0.22607594250782997,0.39223227027636803,0.40052756153150804,1.7349580230668875
1155,0,0.2521302880488364,0.41165428895818573,0.4389343140071323,1.632704631180409
1156,0,0.23663158954612984,0.39223227027636803,0.404270792373235,1.657565124879089
1157,0,0.25,0.39290614505639876,0.4329146199513181,1.571624580225595
1158,0,0.2521302880488364,0.39144461682304454,0.4389343140071323,1.5525489613021963
1159,0,0.22607594250782997,0.41165428895818573,0.40052756153150804,1.8208672908393533
1160,0,0.2173675740962213,0.41165428895818573,0.36946302570489287,1.893816456616295
1161,0,0.22800237002164542,0.4205568267370099,0.4014590787989777,1.8445283121271252
1162,0,0.22607594250782997,0.40807997535035406,0.39859907930390787,1.8050570565960176
